scaler__Smoking_Prevalence,scaler__Drug_Experimentation,scaler__Peer_Influence,scaler__Family_Background,scaler__Mental_Health,scaler__Community_Support,scaler__Media_Influence,scaler__Year,scaler__Parental_Supervision,onehot__Gender_1,onehot__Gender_2,onehot__Socioeconomic_Status_1,onehot__Socioeconomic_Status_2,remainder__Age_Group,remainder__School_Programs,remainder__Access_to_Counseling,remainder__Substance_Education
0.308,0.374,0.444,0.0,0.444,0.222,0.0,1.0,0.333,0.0,0.0,0.0,0.0,1.0,1.0,0.0,0.0
0.664,0.527,0.556,1.0,0.444,0.889,0.222,1.0,0.889,1.0,0.0,0.0,0.0,0.0,1.0,0.0,1.0
0.822,0.781,0.556,0.111,0.667,0.444,0.0,0.75,0.111,0.0,0.0,0.0,0.0,0.0,1.0,1.0,0.0
0.639,0.549,1.0,0.889,0.667,1.0,0.889,1.0,0.111,0.0,0.0,0.0,1.0,5.0,0.0,1.0,0.0
0.954,0.494,0.0,0.111,0.333,1.0,0.222,0.75,0.333,0.0,1.0,0.0,0.0,1.0,0.0,1.0,0.0
0.337,0.622,1.0,0.667,0.333,0.333,0.111,0.5,0.333,0.0,1.0,0.0,0.0,8.0,1.0,0.0,0.0
0.742,0.277,0.333,0.667,0.0,0.333,1.0,0.25,0.111,1.0,0.0,1.0,0.0,4.0,0.0,1.0,0.0
0.064,0.745,0.444,0.889,0.111,0.333,0.111,0.5,0.333,1.0,0.0,0.0,1.0,0.0,1.0,0.0,0.0
0.147,0.895,0.889,0.0,0.556,0.111,0.556,0.25,0.444,0.0,0.0,1.0,0.0,8.0,1.0,1.0,1.0
0.422,0.127,0.111,0.222,0.556,0.889,0.889,0.0,0.444,1.0,0.0,1.0,0.0,7.0,0.0,1.0,1.0
0.841,0.945,0.444,0.444,0.222,0.111,1.0,0.0,0.889,0.0,1.0,0.0,0.0,5.0,0.0,0.0,0.0
0.972,0.024,0.111,0.778,0.222,1.0,0.333,0.5,1.0,0.0,0.0,0.0,0.0,6.0,0.0,1.0,0.0
0.727,0.158,0.444,0.111,0.333,1.0,0.778,1.0,0.0,0.0,1.0,1.0,0.0,3.0,1.0,1.0,0.0
0.889,0.542,0.778,0.333,0.0,0.222,0.111,0.5,0.444,1.0,0.0,0.0,0.0,7.0,0.0,0.0,1.0
0.151,0.922,0.889,0.0,1.0,0.889,0.0,0.0,0.111,0.0,1.0,1.0,0.0,1.0,0.0,0.0,1.0
0.821,0.871,0.444,0.889,0.889,0.0,0.333,0.0,0.111,0.0,1.0,1.0,0.0,7.0,1.0,1.0,0.0
1.0,0.789,0.111,0.889,0.222,0.778,0.0,0.75,0.333,0.0,0.0,0.0,0.0,4.0,1.0,1.0,0.0
0.436,0.494,1.0,0.778,0.333,0.556,0.778,1.0,0.778,1.0,0.0,0.0,1.0,1.0,0.0,1.0,0.0
0.224,0.205,0.0,0.556,0.778,0.111,0.556,0.25,0.667,1.0,0.0,0.0,0.0,4.0,1.0,0.0,1.0
0.231,0.345,0.222,0.667,0.444,0.889,0.667,0.25,0.444,0.0,1.0,1.0,0.0,1.0,1.0,0.0,1.0
0.226,0.59,0.556,0.333,0.222,0.333,0.556,0.75,1.0,0.0,0.0,1.0,0.0,4.0,1.0,0.0,1.0
0.122,0.677,0.556,0.889,0.111,0.667,0.778,0.5,0.111,0.0,1.0,0.0,1.0,8.0,1.0,0.0,1.0
0.11,0.964,0.222,0.333,0.667,0.444,0.222,0.25,0.556,1.0,0.0,0.0,0.0,3.0,1.0,1.0,0.0
0.48,0.071,0.111,0.222,0.556,0.222,0.444,0.0,1.0,0.0,1.0,0.0,0.0,7.0,1.0,0.0,0.0
0.298,0.093,0.667,0.222,0.889,0.778,0.333,0.5,0.556,0.0,1.0,0.0,1.0,1.0,0.0,1.0,0.0
0.911,0.37,0.0,0.667,0.0,0.444,1.0,0.75,0.222,1.0,0.0,0.0,0.0,1.0,0.0,1.0,0.0
0.218,0.992,0.222,0.556,1.0,0.778,0.778,0.0,0.778,0.0,0.0,0.0,1.0,0.0,0.0,1.0,0.0
0.162,0.149,0.889,0.667,1.0,0.0,1.0,0.5,0.556,0.0,1.0,0.0,1.0,7.0,1.0,1.0,1.0
0.034,0.014,0.556,0.444,1.0,0.444,0.556,0.75,0.889,0.0,1.0,0.0,1.0,9.0,1.0,1.0,1.0
0.183,0.025,0.556,0.222,1.0,0.222,0.778,0.0,0.111,0.0,0.0,1.0,0.0,6.0,1.0,0.0,1.0
0.347,0.314,0.0,0.111,0.778,1.0,0.0,0.0,0.667,1.0,0.0,0.0,0.0,1.0,0.0,1.0,0.0
0.098,0.61,0.667,0.556,1.0,0.333,0.556,0.25,0.556,1.0,0.0,0.0,1.0,2.0,0.0,0.0,1.0
0.03,0.455,0.111,0.889,1.0,0.556,0.444,0.5,0.0,0.0,1.0,0.0,0.0,9.0,1.0,1.0,0.0
0.068,0.588,0.778,0.222,0.444,0.444,0.0,1.0,0.111,1.0,0.0,0.0,1.0,1.0,1.0,0.0,0.0
0.225,0.474,0.0,0.0,0.778,1.0,0.0,0.25,0.222,0.0,1.0,0.0,1.0,4.0,1.0,1.0,0.0
0.774,0.142,0.667,0.222,0.556,0.889,0.222,0.5,0.444,0.0,1.0,0.0,0.0,8.0,1.0,0.0,1.0
0.23,0.59,1.0,0.889,0.111,0.333,0.111,0.25,1.0,0.0,0.0,1.0,0.0,3.0,0.0,1.0,0.0
0.059,0.45,0.889,0.333,1.0,1.0,0.889,0.0,0.222,1.0,0.0,0.0,0.0,6.0,1.0,1.0,1.0
0.188,0.259,1.0,0.333,0.444,0.0,0.667,0.0,0.111,0.0,1.0,1.0,0.0,8.0,1.0,0.0,1.0
0.084,0.622,0.222,0.333,0.222,0.889,1.0,0.75,1.0,0.0,0.0,1.0,0.0,4.0,0.0,0.0,1.0
0.673,0.177,1.0,0.111,0.556,0.333,0.444,1.0,0.222,0.0,0.0,0.0,0.0,6.0,1.0,0.0,0.0
0.689,0.285,0.778,0.778,0.333,0.667,0.111,0.75,0.222,0.0,0.0,1.0,0.0,1.0,1.0,0.0,0.0
0.164,0.311,0.667,0.778,1.0,1.0,0.0,0.0,0.667,0.0,0.0,0.0,0.0,7.0,0.0,0.0,0.0
0.186,0.767,0.333,0.778,0.444,0.667,1.0,0.75,0.889,1.0,0.0,0.0,0.0,5.0,1.0,0.0,0.0
0.455,0.719,0.667,0.556,0.0,0.667,0.111,0.0,0.556,1.0,0.0,0.0,1.0,6.0,0.0,1.0,0.0
0.102,0.851,0.0,0.889,0.111,0.667,0.778,0.0,0.444,1.0,0.0,0.0,1.0,4.0,1.0,1.0,1.0
0.704,0.798,0.333,0.111,0.444,0.222,0.444,0.5,0.333,0.0,1.0,1.0,0.0,3.0,1.0,0.0,0.0
0.127,0.831,0.111,0.222,0.556,0.667,0.444,1.0,0.0,1.0,0.0,1.0,0.0,5.0,1.0,1.0,1.0
0.89,0.733,0.0,0.0,0.0,0.444,0.111,0.5,0.111,0.0,1.0,0.0,1.0,2.0,0.0,0.0,1.0
0.157,0.617,0.111,0.556,0.778,1.0,0.556,0.75,0.778,0.0,1.0,1.0,0.0,9.0,0.0,0.0,1.0
0.631,0.091,0.333,0.333,0.111,0.222,0.667,1.0,0.0,1.0,0.0,1.0,0.0,6.0,0.0,0.0,1.0
0.373,0.23,0.444,0.444,0.111,0.556,0.889,0.5,0.667,1.0,0.0,0.0,1.0,4.0,1.0,1.0,0.0
0.695,0.818,0.222,0.667,0.778,0.444,0.111,0.75,0.0,0.0,0.0,0.0,1.0,7.0,1.0,1.0,0.0
0.241,0.924,0.444,0.333,0.444,0.444,0.111,0.75,0.333,0.0,1.0,1.0,0.0,6.0,1.0,0.0,1.0
0.138,0.649,0.111,0.889,0.111,0.778,0.778,0.75,0.444,0.0,0.0,0.0,1.0,0.0,1.0,0.0,1.0
0.043,0.017,0.778,0.667,0.0,0.778,0.333,0.75,0.667,1.0,0.0,0.0,0.0,6.0,1.0,1.0,0.0
0.81,0.786,0.0,1.0,0.111,0.444,0.889,0.0,0.778,0.0,0.0,1.0,0.0,9.0,0.0,1.0,1.0
0.814,0.426,0.0,0.333,0.667,0.667,0.778,0.75,0.667,1.0,0.0,1.0,0.0,4.0,0.0,0.0,0.0
0.409,0.906,0.889,0.333,0.444,0.444,0.444,0.75,0.222,0.0,0.0,1.0,0.0,3.0,0.0,1.0,0.0
0.656,0.343,0.111,0.333,0.111,0.444,0.556,0.75,0.444,0.0,1.0,0.0,0.0,7.0,0.0,1.0,0.0
0.723,0.182,0.444,0.667,0.889,0.111,0.333,0.5,0.889,0.0,0.0,0.0,0.0,2.0,0.0,0.0,0.0
0.951,0.275,0.222,0.111,1.0,0.111,0.889,1.0,0.889,0.0,1.0,0.0,0.0,0.0,1.0,1.0,0.0
0.793,0.438,1.0,0.667,0.444,1.0,0.667,0.0,1.0,0.0,1.0,1.0,0.0,2.0,0.0,1.0,1.0
0.522,0.444,1.0,0.889,0.778,0.556,0.778,1.0,0.111,1.0,0.0,0.0,0.0,8.0,1.0,0.0,1.0
0.507,0.91,0.222,0.111,0.556,0.222,0.556,0.0,0.333,0.0,0.0,0.0,0.0,7.0,1.0,1.0,0.0
0.802,0.622,0.222,0.0,0.889,0.778,0.222,0.5,0.111,0.0,1.0,1.0,0.0,4.0,0.0,1.0,1.0
0.439,0.919,0.889,0.111,0.0,0.111,0.667,0.0,0.556,0.0,0.0,0.0,1.0,7.0,0.0,1.0,0.0
0.979,0.645,0.778,0.444,1.0,0.556,0.222,0.0,0.222,0.0,0.0,1.0,0.0,4.0,0.0,0.0,1.0
0.984,0.207,1.0,0.778,1.0,0.111,0.0,0.25,0.778,0.0,1.0,1.0,0.0,5.0,0.0,0.0,0.0
0.293,0.119,0.0,0.222,0.889,0.778,0.0,1.0,0.889,0.0,0.0,0.0,0.0,5.0,0.0,0.0,0.0
0.834,0.815,0.111,0.778,0.778,0.111,0.889,0.25,0.0,0.0,0.0,0.0,0.0,8.0,1.0,1.0,0.0
0.064,0.587,1.0,1.0,0.111,0.889,0.667,0.5,0.444,0.0,1.0,1.0,0.0,9.0,1.0,0.0,1.0
0.777,0.589,0.222,0.667,0.111,0.667,0.556,0.25,0.333,1.0,0.0,0.0,0.0,9.0,1.0,0.0,1.0
0.843,0.004,0.889,0.556,0.667,0.333,1.0,0.25,0.111,0.0,0.0,0.0,0.0,8.0,1.0,1.0,1.0
0.071,0.095,0.222,0.333,0.0,0.0,0.111,0.75,0.778,0.0,0.0,0.0,1.0,2.0,1.0,1.0,0.0
0.302,0.928,0.111,0.222,0.556,0.111,0.556,1.0,0.556,0.0,0.0,0.0,1.0,3.0,1.0,0.0,0.0
0.911,0.695,0.0,1.0,0.556,0.444,0.222,1.0,0.778,0.0,1.0,0.0,0.0,7.0,0.0,1.0,0.0
0.038,0.748,0.111,0.667,0.444,0.889,0.444,0.25,0.111,1.0,0.0,0.0,1.0,1.0,1.0,0.0,0.0
0.054,0.393,0.444,0.111,0.0,0.0,0.778,0.0,0.222,0.0,0.0,1.0,0.0,6.0,1.0,1.0,1.0
0.044,0.044,0.667,1.0,0.222,0.0,0.333,0.0,0.667,0.0,1.0,1.0,0.0,5.0,0.0,1.0,1.0
0.282,0.586,0.889,0.444,0.0,0.222,1.0,1.0,0.333,1.0,0.0,0.0,1.0,2.0,1.0,0.0,0.0
0.832,0.04,1.0,1.0,1.0,0.667,0.444,0.75,0.333,1.0,0.0,0.0,1.0,1.0,1.0,1.0,1.0
0.53,0.306,0.0,0.556,1.0,0.778,1.0,1.0,0.556,0.0,0.0,0.0,1.0,4.0,1.0,0.0,1.0
0.123,0.436,0.444,0.0,0.778,0.889,0.667,0.25,0.889,0.0,0.0,1.0,0.0,7.0,0.0,0.0,0.0
0.389,0.509,0.889,0.667,0.889,0.222,1.0,0.75,0.0,0.0,0.0,0.0,1.0,4.0,1.0,1.0,1.0
0.5,0.671,0.0,0.0,0.667,0.444,0.667,0.5,0.444,0.0,1.0,1.0,0.0,8.0,0.0,1.0,0.0
0.036,0.134,0.111,0.222,0.111,0.889,0.556,1.0,0.667,0.0,0.0,0.0,0.0,5.0,1.0,0.0,0.0
0.073,0.157,0.556,0.889,0.556,0.111,0.0,0.25,0.667,0.0,1.0,0.0,1.0,3.0,1.0,0.0,1.0
0.087,0.374,0.222,0.778,0.333,0.667,0.333,0.0,0.889,0.0,1.0,0.0,0.0,7.0,0.0,1.0,1.0
0.546,0.989,0.333,0.444,1.0,1.0,0.333,0.75,0.556,0.0,1.0,1.0,0.0,4.0,1.0,1.0,1.0
0.239,0.566,0.222,0.444,0.444,0.667,0.667,0.75,0.444,1.0,0.0,0.0,0.0,2.0,0.0,0.0,1.0
0.424,0.391,0.111,0.667,0.556,0.556,0.111,0.75,0.333,1.0,0.0,0.0,0.0,4.0,0.0,1.0,0.0
0.537,0.213,0.444,0.667,0.111,1.0,1.0,0.0,0.0,0.0,1.0,0.0,1.0,1.0,0.0,1.0,0.0
0.121,0.1,1.0,0.889,1.0,0.667,1.0,0.5,0.444,0.0,1.0,0.0,0.0,4.0,1.0,0.0,1.0
0.724,0.589,0.222,0.889,0.556,0.778,0.0,0.0,0.0,0.0,0.0,0.0,0.0,3.0,0.0,1.0,0.0
0.131,0.609,0.444,0.889,1.0,0.222,0.0,0.25,0.556,0.0,0.0,0.0,1.0,2.0,0.0,0.0,1.0
0.156,0.274,0.0,0.222,0.0,0.778,0.444,0.0,0.333,0.0,1.0,0.0,1.0,4.0,0.0,1.0,1.0
0.9,0.069,0.444,0.889,0.889,0.556,0.444,1.0,0.556,1.0,0.0,1.0,0.0,3.0,1.0,0.0,1.0
0.064,0.485,0.556,0.222,0.556,0.111,0.889,0.0,0.333,0.0,0.0,0.0,0.0,1.0,1.0,1.0,0.0
0.1,0.653,0.778,0.333,0.778,1.0,0.444,0.25,1.0,0.0,1.0,1.0,0.0,4.0,0.0,0.0,1.0
0.116,0.316,0.556,0.0,0.667,0.556,0.889,0.25,0.222,0.0,0.0,0.0,1.0,6.0,1.0,0.0,1.0
0.613,0.657,0.0,0.111,0.556,0.222,0.667,0.75,0.0,0.0,0.0,1.0,0.0,9.0,0.0,0.0,0.0
0.048,0.719,0.778,0.222,0.0,0.333,0.444,0.0,0.556,0.0,0.0,0.0,1.0,0.0,0.0,1.0,0.0
0.803,0.848,0.778,0.889,0.889,0.111,0.556,1.0,1.0,1.0,0.0,0.0,0.0,7.0,1.0,1.0,0.0
0.619,0.065,0.889,0.222,0.556,0.556,0.222,0.25,1.0,0.0,0.0,0.0,1.0,3.0,1.0,1.0,1.0
0.475,0.534,0.0,0.556,1.0,0.889,0.667,0.75,1.0,1.0,0.0,1.0,0.0,5.0,0.0,0.0,0.0
0.786,0.919,0.333,0.333,0.333,0.333,1.0,1.0,1.0,0.0,0.0,1.0,0.0,0.0,1.0,1.0,0.0
0.369,0.918,0.444,0.333,0.333,0.111,0.222,0.0,0.778,0.0,0.0,0.0,1.0,9.0,0.0,0.0,1.0
0.237,0.256,0.0,0.444,0.444,0.889,0.556,1.0,0.111,1.0,0.0,0.0,1.0,9.0,1.0,0.0,1.0
0.528,0.533,0.0,1.0,0.889,0.111,0.667,0.0,0.444,0.0,1.0,1.0,0.0,8.0,0.0,0.0,0.0
0.086,0.62,0.889,0.444,0.333,0.111,0.556,1.0,0.444,0.0,0.0,1.0,0.0,5.0,1.0,0.0,1.0
0.433,0.878,0.222,0.222,0.0,1.0,0.111,0.25,0.889,1.0,0.0,0.0,0.0,9.0,1.0,0.0,1.0
0.205,0.449,0.889,0.444,0.444,0.333,0.333,0.75,0.111,0.0,1.0,0.0,1.0,0.0,1.0,1.0,0.0
0.625,0.052,0.667,0.333,0.0,1.0,0.0,0.25,0.0,0.0,0.0,1.0,0.0,3.0,0.0,0.0,1.0
0.737,0.479,0.333,1.0,0.222,0.667,0.778,0.25,0.0,0.0,0.0,0.0,1.0,8.0,0.0,0.0,0.0
0.838,0.996,0.889,0.333,0.667,0.333,0.556,0.5,0.111,0.0,0.0,1.0,0.0,1.0,1.0,1.0,0.0
0.104,0.466,0.222,0.111,0.333,0.222,0.0,0.75,0.667,0.0,1.0,0.0,0.0,1.0,1.0,0.0,0.0
0.617,0.831,0.333,0.556,0.444,0.333,0.333,1.0,1.0,0.0,1.0,0.0,1.0,3.0,0.0,1.0,1.0
0.777,0.87,0.556,0.333,0.556,0.556,0.778,0.25,0.556,1.0,0.0,1.0,0.0,5.0,1.0,0.0,0.0
0.444,0.736,0.222,0.222,0.444,1.0,0.222,0.25,0.889,1.0,0.0,0.0,1.0,6.0,1.0,0.0,1.0
0.106,0.139,0.0,0.667,0.444,0.667,0.778,0.25,1.0,0.0,1.0,1.0,0.0,4.0,1.0,1.0,0.0
0.409,0.464,0.889,0.333,1.0,0.556,0.667,0.25,0.889,1.0,0.0,1.0,0.0,2.0,1.0,0.0,0.0
0.353,0.301,0.222,0.0,0.444,0.889,0.222,0.75,0.0,0.0,1.0,1.0,0.0,2.0,0.0,0.0,1.0
0.871,0.919,0.333,0.222,0.111,1.0,0.889,0.25,0.444,0.0,1.0,0.0,1.0,3.0,1.0,0.0,1.0
0.009,0.471,1.0,0.889,0.222,0.556,0.556,0.25,0.889,1.0,0.0,0.0,1.0,5.0,1.0,0.0,1.0
0.782,0.515,0.222,1.0,1.0,0.333,0.556,1.0,0.333,0.0,1.0,1.0,0.0,7.0,0.0,1.0,0.0
0.632,0.459,0.667,0.222,0.889,0.889,0.889,0.75,0.111,1.0,0.0,0.0,0.0,8.0,0.0,1.0,1.0
0.173,0.302,0.333,0.667,0.111,0.556,0.444,0.75,1.0,0.0,0.0,0.0,1.0,2.0,0.0,0.0,1.0
0.178,0.494,0.778,0.889,1.0,0.444,0.667,0.5,0.889,0.0,0.0,1.0,0.0,0.0,0.0,1.0,1.0
0.419,0.965,0.889,0.556,0.556,0.333,0.0,0.5,1.0,0.0,1.0,0.0,1.0,6.0,1.0,1.0,0.0
0.678,0.057,0.889,0.889,0.222,0.444,0.333,0.0,0.0,0.0,1.0,0.0,1.0,7.0,0.0,1.0,0.0
0.392,0.945,0.556,0.333,0.667,0.556,0.889,0.75,0.889,1.0,0.0,0.0,0.0,6.0,0.0,1.0,1.0
0.818,0.338,0.222,0.333,0.0,0.556,0.222,0.0,0.556,0.0,1.0,0.0,1.0,8.0,0.0,1.0,1.0
0.127,0.616,0.222,0.0,0.889,0.444,1.0,0.0,0.444,0.0,0.0,0.0,1.0,2.0,1.0,0.0,0.0
0.608,0.88,0.556,0.889,1.0,0.222,0.889,0.25,0.889,1.0,0.0,1.0,0.0,1.0,1.0,0.0,1.0
0.723,0.401,1.0,1.0,0.556,0.556,0.222,0.75,0.111,0.0,0.0,0.0,1.0,2.0,1.0,0.0,0.0
0.565,0.128,0.556,0.333,0.889,0.0,0.0,0.75,0.111,1.0,0.0,1.0,0.0,8.0,0.0,1.0,1.0
0.426,0.354,0.667,0.889,0.889,0.889,0.556,1.0,0.778,0.0,0.0,1.0,0.0,8.0,0.0,0.0,0.0
0.177,0.006,0.444,0.0,0.111,0.667,0.556,0.25,0.111,1.0,0.0,0.0,1.0,1.0,1.0,1.0,0.0
0.428,0.666,0.889,1.0,0.667,0.0,0.222,0.5,1.0,0.0,1.0,0.0,1.0,9.0,0.0,0.0,1.0
0.056,0.153,0.667,0.556,0.444,0.444,0.889,0.75,0.444,0.0,0.0,0.0,1.0,3.0,0.0,0.0,1.0
0.45,0.313,0.222,0.0,0.444,0.444,0.667,0.75,0.111,0.0,0.0,1.0,0.0,1.0,0.0,1.0,0.0
0.976,0.747,0.444,0.0,0.556,0.333,0.667,1.0,0.667,1.0,0.0,1.0,0.0,6.0,1.0,0.0,1.0
0.319,0.735,0.778,0.556,0.333,0.889,0.778,0.5,0.111,0.0,0.0,0.0,0.0,9.0,1.0,1.0,1.0
0.355,0.71,0.111,1.0,0.111,0.222,1.0,0.75,0.778,1.0,0.0,0.0,1.0,4.0,0.0,0.0,0.0
0.188,0.354,0.333,0.778,0.556,0.444,0.778,0.25,0.444,0.0,0.0,0.0,1.0,7.0,1.0,1.0,0.0
0.474,0.994,0.889,0.333,0.333,0.667,0.667,0.75,0.556,0.0,0.0,0.0,0.0,7.0,0.0,1.0,1.0
0.0,0.836,0.556,0.889,0.0,0.556,0.222,0.25,0.667,0.0,1.0,0.0,1.0,7.0,1.0,1.0,1.0
0.639,0.385,0.333,0.444,0.556,0.0,0.889,0.75,0.667,0.0,0.0,0.0,0.0,8.0,0.0,0.0,0.0
0.78,0.523,0.222,0.333,0.222,0.444,0.556,0.0,0.778,1.0,0.0,0.0,1.0,1.0,1.0,0.0,0.0
0.712,0.271,0.111,0.444,0.222,0.778,0.889,1.0,0.778,0.0,1.0,1.0,0.0,7.0,0.0,1.0,0.0
0.505,0.024,1.0,0.778,0.667,0.889,0.0,0.0,0.0,1.0,0.0,0.0,1.0,4.0,0.0,1.0,1.0
0.153,0.446,0.667,0.778,0.222,0.111,0.556,1.0,0.778,0.0,0.0,1.0,0.0,7.0,1.0,1.0,1.0
0.906,0.131,0.444,0.222,0.889,0.222,0.222,0.5,0.667,0.0,1.0,1.0,0.0,5.0,1.0,1.0,1.0
0.569,0.549,1.0,0.667,0.778,0.444,0.889,0.25,0.778,1.0,0.0,0.0,1.0,9.0,1.0,1.0,0.0
0.095,0.55,0.667,0.444,0.889,0.556,0.111,0.5,0.333,1.0,0.0,0.0,0.0,1.0,0.0,1.0,0.0
0.533,0.008,0.111,0.556,0.444,0.333,0.111,0.5,0.222,0.0,0.0,0.0,1.0,2.0,1.0,0.0,0.0
0.275,0.082,1.0,0.0,0.556,0.111,0.111,0.5,0.667,0.0,0.0,1.0,0.0,2.0,0.0,0.0,1.0
0.098,0.104,0.556,0.333,0.111,0.778,1.0,0.75,0.556,0.0,1.0,0.0,1.0,8.0,0.0,1.0,0.0
0.903,0.613,0.667,0.222,0.444,0.333,0.444,0.0,1.0,0.0,0.0,1.0,0.0,9.0,1.0,0.0,0.0
0.913,0.449,1.0,0.778,0.889,0.778,0.111,0.5,0.778,0.0,1.0,0.0,0.0,0.0,1.0,1.0,1.0
0.334,0.46,0.222,0.111,0.111,0.333,0.667,0.5,0.778,1.0,0.0,1.0,0.0,1.0,0.0,1.0,1.0
0.948,0.741,0.556,0.333,0.889,0.667,1.0,1.0,1.0,1.0,0.0,1.0,0.0,9.0,0.0,0.0,1.0
0.302,0.48,0.778,0.444,0.222,0.778,0.0,0.0,0.333,0.0,1.0,1.0,0.0,5.0,1.0,1.0,0.0
0.839,0.143,1.0,0.222,0.778,0.222,0.889,0.5,1.0,0.0,1.0,0.0,1.0,2.0,0.0,1.0,1.0
0.385,0.556,0.556,0.889,0.444,0.0,0.0,0.25,0.889,0.0,0.0,0.0,0.0,9.0,0.0,1.0,1.0
0.499,0.564,0.0,0.111,0.889,1.0,0.667,0.25,0.556,0.0,0.0,0.0,1.0,4.0,1.0,1.0,1.0
0.457,0.745,0.889,0.556,0.778,0.444,0.0,0.75,0.111,1.0,0.0,0.0,1.0,8.0,1.0,0.0,1.0
0.778,0.055,0.778,0.444,0.556,0.0,0.444,0.75,0.889,0.0,0.0,0.0,0.0,4.0,1.0,0.0,0.0
0.381,0.386,0.222,0.333,1.0,1.0,0.667,0.75,0.778,1.0,0.0,0.0,1.0,6.0,1.0,0.0,1.0
0.954,0.165,0.556,0.889,0.667,0.222,0.667,0.75,0.111,0.0,0.0,0.0,0.0,3.0,0.0,1.0,1.0
0.578,0.744,0.778,0.333,0.111,0.0,0.111,0.75,0.889,1.0,0.0,1.0,0.0,3.0,0.0,1.0,1.0
0.944,0.233,0.111,0.333,0.778,0.111,0.111,1.0,1.0,1.0,0.0,1.0,0.0,3.0,0.0,1.0,0.0
0.309,0.725,1.0,1.0,0.667,0.0,0.889,0.5,0.222,1.0,0.0,1.0,0.0,7.0,1.0,1.0,0.0
0.965,0.246,0.778,1.0,1.0,0.778,0.444,0.0,0.556,1.0,0.0,0.0,0.0,1.0,0.0,0.0,1.0
0.256,0.263,0.0,0.778,0.111,0.778,1.0,1.0,0.667,0.0,1.0,0.0,1.0,9.0,1.0,0.0,0.0
0.673,0.16,0.889,0.222,0.778,0.333,0.444,1.0,1.0,0.0,0.0,1.0,0.0,7.0,1.0,1.0,0.0
0.995,0.019,0.889,0.222,0.222,0.0,0.444,0.75,0.889,0.0,0.0,0.0,0.0,7.0,0.0,0.0,0.0
0.958,0.165,0.222,0.111,0.889,0.667,0.556,0.25,0.333,0.0,0.0,1.0,0.0,5.0,0.0,1.0,0.0
0.122,0.139,0.889,0.667,0.667,0.333,0.889,0.75,0.667,0.0,0.0,0.0,1.0,9.0,1.0,0.0,0.0
0.878,0.975,0.556,0.667,0.778,0.889,0.778,0.75,0.222,0.0,1.0,1.0,0.0,0.0,0.0,0.0,0.0
0.917,0.235,0.556,0.333,1.0,0.0,0.333,0.25,0.444,1.0,0.0,1.0,0.0,4.0,0.0,0.0,0.0
0.648,0.194,1.0,0.778,0.0,0.333,0.333,0.0,0.222,1.0,0.0,1.0,0.0,1.0,1.0,0.0,1.0
0.608,0.695,0.222,0.889,0.556,0.889,0.444,0.0,1.0,1.0,0.0,0.0,1.0,3.0,1.0,1.0,1.0
0.487,0.258,0.333,0.556,0.556,0.444,0.889,0.5,0.889,1.0,0.0,0.0,1.0,8.0,0.0,1.0,0.0
0.62,0.088,0.889,0.889,0.667,0.333,0.222,0.75,0.667,0.0,0.0,0.0,0.0,2.0,1.0,1.0,1.0
0.512,0.941,0.556,0.222,0.111,0.222,0.0,0.0,0.222,0.0,1.0,0.0,0.0,3.0,1.0,0.0,1.0
0.375,0.026,0.111,0.333,0.444,0.333,0.667,0.25,0.111,1.0,0.0,0.0,0.0,7.0,1.0,1.0,1.0
0.294,0.983,1.0,0.667,0.333,0.111,0.889,1.0,0.111,0.0,0.0,0.0,0.0,1.0,1.0,0.0,1.0
0.232,0.674,0.556,0.222,0.0,0.111,0.0,0.0,0.444,0.0,0.0,0.0,1.0,0.0,0.0,1.0,1.0
0.694,0.82,0.222,0.667,0.333,1.0,0.778,1.0,0.889,0.0,0.0,1.0,0.0,7.0,0.0,1.0,0.0
0.034,0.108,0.778,0.333,0.667,0.444,1.0,0.5,1.0,0.0,1.0,0.0,0.0,7.0,0.0,1.0,0.0
0.192,0.134,0.333,0.889,0.667,0.556,0.889,0.0,0.556,0.0,1.0,1.0,0.0,7.0,0.0,0.0,1.0
0.236,0.889,0.778,0.111,0.667,0.0,0.556,0.25,0.667,1.0,0.0,0.0,1.0,8.0,0.0,1.0,1.0
0.868,0.792,0.889,0.778,0.778,0.556,0.333,0.5,1.0,0.0,1.0,0.0,0.0,2.0,1.0,1.0,0.0
0.324,0.935,1.0,0.778,0.0,0.0,0.778,0.75,0.556,0.0,0.0,0.0,1.0,7.0,1.0,0.0,0.0
0.28,0.407,0.222,0.222,0.0,0.111,0.444,0.25,0.333,1.0,0.0,0.0,0.0,7.0,1.0,1.0,1.0
0.974,0.909,0.667,0.556,0.556,0.778,0.778,1.0,1.0,1.0,0.0,1.0,0.0,8.0,0.0,0.0,0.0
0.371,0.489,0.667,0.333,0.222,0.778,0.111,0.75,0.889,0.0,0.0,0.0,0.0,8.0,1.0,0.0,0.0
0.723,0.888,0.667,0.444,0.0,0.0,0.333,0.75,0.111,0.0,0.0,0.0,1.0,2.0,0.0,1.0,1.0
0.749,0.729,0.222,0.444,0.111,0.0,0.778,0.5,1.0,0.0,1.0,0.0,0.0,1.0,1.0,0.0,0.0
0.238,0.762,0.333,0.889,0.444,0.778,0.889,0.5,0.0,0.0,0.0,1.0,0.0,1.0,1.0,1.0,0.0
0.275,0.543,0.0,0.667,0.444,0.0,0.0,0.0,0.333,0.0,0.0,0.0,0.0,8.0,1.0,0.0,1.0
0.255,0.407,0.667,0.667,0.778,0.667,0.111,0.75,0.556,1.0,0.0,0.0,0.0,0.0,1.0,1.0,0.0
0.171,0.784,0.222,0.889,0.0,0.889,0.556,0.25,0.222,0.0,0.0,1.0,0.0,3.0,1.0,1.0,0.0
0.891,0.031,0.222,0.889,0.667,0.111,0.222,0.0,0.111,1.0,0.0,0.0,0.0,6.0,1.0,0.0,0.0
0.72,0.217,0.222,0.444,1.0,0.0,0.778,0.25,0.556,0.0,0.0,0.0,1.0,0.0,1.0,1.0,0.0
0.362,0.063,1.0,0.0,0.333,0.0,1.0,0.75,0.444,1.0,0.0,0.0,1.0,3.0,1.0,0.0,1.0
0.09,0.474,1.0,0.889,0.333,0.222,1.0,0.75,0.222,0.0,0.0,0.0,0.0,4.0,1.0,0.0,1.0
0.498,0.567,0.556,0.889,0.222,1.0,0.667,1.0,0.333,1.0,0.0,0.0,1.0,5.0,1.0,0.0,1.0
0.948,0.875,0.0,0.778,0.667,0.333,0.111,0.25,0.444,1.0,0.0,0.0,1.0,5.0,1.0,1.0,1.0
0.609,0.987,0.556,0.778,0.333,0.222,0.778,0.25,0.556,0.0,0.0,1.0,0.0,9.0,1.0,1.0,1.0
0.851,0.984,0.222,1.0,0.111,0.889,0.222,0.5,0.556,0.0,1.0,0.0,1.0,6.0,0.0,0.0,1.0
0.921,0.644,0.444,0.222,1.0,0.556,0.333,1.0,0.0,0.0,1.0,0.0,1.0,6.0,1.0,1.0,1.0
0.162,0.948,0.667,0.0,0.667,0.889,0.111,0.5,0.222,0.0,1.0,0.0,1.0,5.0,0.0,1.0,1.0
0.83,0.721,0.889,0.0,0.0,0.0,0.556,1.0,0.889,0.0,1.0,0.0,1.0,0.0,0.0,0.0,1.0
0.854,0.234,0.667,0.778,0.0,0.667,0.667,0.75,0.556,0.0,1.0,1.0,0.0,8.0,0.0,0.0,1.0
0.174,0.868,0.0,0.333,0.778,0.889,0.333,0.75,0.444,1.0,0.0,0.0,0.0,3.0,0.0,1.0,0.0
0.779,0.262,0.111,0.444,0.667,0.556,0.778,1.0,0.333,1.0,0.0,1.0,0.0,6.0,0.0,0.0,1.0
0.127,0.875,0.889,0.222,0.333,0.0,0.889,0.25,0.667,0.0,1.0,0.0,1.0,4.0,0.0,1.0,1.0
0.702,0.229,0.444,0.111,0.667,0.111,0.778,1.0,0.667,0.0,0.0,1.0,0.0,5.0,1.0,1.0,1.0
0.936,0.54,1.0,0.556,0.111,0.333,0.889,0.75,0.444,0.0,1.0,0.0,1.0,2.0,0.0,1.0,1.0
0.088,0.317,0.778,0.222,0.333,0.667,0.222,0.25,0.111,1.0,0.0,0.0,0.0,3.0,0.0,0.0,1.0
0.409,0.87,0.333,0.111,0.444,0.111,0.556,0.5,0.333,1.0,0.0,1.0,0.0,5.0,0.0,1.0,0.0
0.369,0.625,0.778,1.0,0.889,1.0,0.444,0.75,0.444,1.0,0.0,0.0,1.0,0.0,1.0,1.0,1.0
0.823,0.73,1.0,0.111,0.556,0.222,0.444,0.0,0.222,1.0,0.0,0.0,1.0,8.0,1.0,1.0,0.0
0.868,0.824,0.667,0.111,0.222,0.778,0.778,1.0,0.778,0.0,0.0,0.0,0.0,6.0,0.0,0.0,0.0
0.119,0.784,0.667,0.444,0.0,0.556,0.444,0.5,0.444,0.0,0.0,1.0,0.0,1.0,1.0,0.0,1.0
0.82,0.228,0.0,1.0,0.333,0.222,0.889,0.0,1.0,0.0,0.0,1.0,0.0,2.0,1.0,0.0,1.0
0.242,0.951,0.0,0.556,0.667,0.667,0.333,1.0,0.667,0.0,0.0,0.0,0.0,3.0,0.0,0.0,0.0
0.833,0.851,0.222,0.889,0.0,0.222,0.222,0.0,0.222,0.0,1.0,0.0,1.0,7.0,1.0,0.0,1.0
0.455,0.43,0.222,0.778,0.0,0.889,0.667,1.0,0.0,1.0,0.0,0.0,1.0,4.0,0.0,0.0,1.0
0.146,0.251,0.333,1.0,0.667,0.222,0.333,1.0,0.0,0.0,0.0,0.0,1.0,2.0,1.0,1.0,1.0
0.725,0.426,0.222,0.556,0.556,0.667,0.111,1.0,0.111,0.0,1.0,1.0,0.0,0.0,0.0,0.0,0.0
0.808,0.297,0.889,0.667,0.333,0.667,0.889,1.0,0.778,0.0,0.0,0.0,0.0,5.0,1.0,1.0,1.0
0.588,0.259,0.444,0.556,0.667,0.333,1.0,0.5,0.444,0.0,0.0,1.0,0.0,2.0,1.0,1.0,0.0
0.635,0.627,0.111,0.222,0.556,0.0,0.667,1.0,0.778,0.0,0.0,1.0,0.0,1.0,1.0,0.0,1.0
0.336,0.563,0.889,0.889,0.111,0.222,0.333,0.25,0.889,0.0,0.0,0.0,1.0,1.0,1.0,1.0,1.0
0.83,0.264,0.778,0.667,0.0,0.556,0.0,0.25,0.778,0.0,0.0,0.0,0.0,9.0,1.0,0.0,1.0
0.413,0.501,0.778,0.111,0.111,0.556,0.0,0.5,0.222,1.0,0.0,1.0,0.0,9.0,1.0,0.0,0.0
0.281,0.667,0.778,0.0,1.0,0.111,0.222,0.5,0.111,0.0,0.0,0.0,1.0,2.0,1.0,0.0,0.0
0.922,0.692,0.0,0.222,0.111,0.0,0.556,0.5,0.0,0.0,1.0,0.0,0.0,4.0,0.0,0.0,1.0
0.932,0.175,0.111,0.444,0.333,0.222,0.889,1.0,0.778,1.0,0.0,0.0,0.0,0.0,1.0,1.0,0.0
0.873,0.842,0.444,0.889,0.889,1.0,0.889,0.75,0.222,0.0,1.0,0.0,0.0,8.0,1.0,1.0,1.0
0.031,0.816,0.444,0.778,0.778,0.333,0.333,0.5,1.0,0.0,0.0,1.0,0.0,1.0,1.0,0.0,1.0
0.517,0.012,0.333,0.111,0.889,0.889,0.444,1.0,0.556,0.0,0.0,0.0,1.0,7.0,1.0,1.0,0.0
0.95,0.301,0.333,0.889,0.556,0.111,0.778,0.75,0.667,1.0,0.0,1.0,0.0,7.0,0.0,1.0,1.0
0.699,0.237,0.444,0.222,0.778,0.444,0.111,1.0,0.667,0.0,0.0,0.0,0.0,9.0,0.0,0.0,1.0
0.091,0.295,0.111,0.778,0.556,0.111,0.111,0.75,0.889,0.0,1.0,0.0,0.0,3.0,1.0,0.0,0.0
0.516,0.031,0.444,0.556,0.778,1.0,0.111,1.0,0.111,0.0,0.0,1.0,0.0,6.0,0.0,1.0,1.0
0.406,0.512,0.222,0.0,0.111,0.889,0.667,0.0,0.778,0.0,0.0,0.0,1.0,3.0,1.0,0.0,0.0
0.116,0.589,0.111,0.444,0.444,0.222,0.889,0.75,0.778,0.0,1.0,0.0,0.0,4.0,1.0,1.0,0.0
0.5,0.289,0.222,0.778,0.222,0.0,0.556,1.0,0.0,0.0,0.0,1.0,0.0,6.0,0.0,1.0,0.0
0.692,0.946,0.333,0.889,0.778,0.444,0.333,0.25,0.444,0.0,0.0,1.0,0.0,5.0,0.0,1.0,1.0
0.454,0.797,0.889,0.333,0.222,0.889,0.444,0.75,0.0,1.0,0.0,0.0,1.0,4.0,1.0,1.0,1.0
0.204,0.022,0.556,0.0,0.444,1.0,0.0,0.0,0.222,1.0,0.0,0.0,1.0,3.0,1.0,0.0,0.0
0.417,0.336,0.0,0.0,0.556,0.222,0.222,0.25,0.667,0.0,1.0,1.0,0.0,1.0,1.0,0.0,1.0
0.918,0.205,1.0,0.444,0.111,0.0,0.222,0.75,0.889,1.0,0.0,0.0,0.0,8.0,0.0,1.0,1.0
0.676,0.201,0.444,0.111,0.889,0.667,0.444,0.75,0.444,1.0,0.0,1.0,0.0,0.0,0.0,1.0,0.0
0.25,0.846,0.444,1.0,0.222,0.667,0.444,0.0,0.444,1.0,0.0,0.0,1.0,1.0,1.0,0.0,1.0
0.337,0.344,0.889,1.0,0.667,0.889,0.667,0.25,0.222,0.0,1.0,1.0,0.0,7.0,0.0,1.0,1.0
0.986,0.552,0.222,1.0,0.0,0.667,0.444,0.25,0.778,0.0,1.0,1.0,0.0,8.0,1.0,0.0,1.0
0.564,0.452,0.0,0.778,0.667,0.111,1.0,0.0,0.222,0.0,0.0,1.0,0.0,6.0,1.0,1.0,1.0
0.18,0.761,0.444,0.667,0.556,0.333,0.556,0.25,0.222,0.0,0.0,0.0,0.0,3.0,1.0,0.0,1.0
0.045,0.007,0.0,0.556,0.556,0.556,0.667,0.25,0.778,0.0,0.0,0.0,1.0,8.0,0.0,1.0,1.0
0.297,0.782,0.556,0.111,0.333,0.667,0.556,0.5,0.556,1.0,0.0,1.0,0.0,5.0,0.0,0.0,0.0
0.698,0.159,0.556,0.111,0.556,0.333,0.333,1.0,1.0,0.0,1.0,0.0,0.0,1.0,1.0,1.0,1.0
0.489,0.903,0.444,0.889,0.667,0.778,1.0,0.75,0.667,0.0,1.0,1.0,0.0,0.0,1.0,1.0,0.0
0.572,0.364,0.667,0.111,0.667,0.444,0.889,0.25,0.222,0.0,1.0,0.0,0.0,7.0,0.0,1.0,1.0
0.271,0.741,0.667,0.889,0.111,0.111,0.222,1.0,0.889,0.0,1.0,1.0,0.0,9.0,1.0,1.0,1.0
0.254,0.682,0.667,1.0,0.333,0.556,0.778,1.0,0.222,1.0,0.0,0.0,0.0,7.0,0.0,0.0,0.0
0.159,0.386,0.556,1.0,0.111,1.0,0.889,0.75,0.556,0.0,1.0,0.0,1.0,8.0,1.0,1.0,1.0
0.099,0.642,0.222,0.222,0.222,0.0,0.444,1.0,1.0,1.0,0.0,0.0,1.0,7.0,1.0,0.0,1.0
0.37,0.35,1.0,0.0,0.667,0.444,0.444,0.0,0.778,0.0,0.0,0.0,0.0,3.0,0.0,1.0,1.0
0.847,0.001,0.444,0.222,0.0,0.667,0.333,0.75,0.556,1.0,0.0,0.0,0.0,1.0,0.0,0.0,1.0
0.054,0.391,0.778,1.0,0.889,1.0,0.111,0.75,0.444,0.0,1.0,0.0,0.0,6.0,1.0,0.0,1.0
0.592,0.505,1.0,1.0,0.444,0.667,0.111,0.25,1.0,0.0,0.0,0.0,1.0,5.0,1.0,1.0,0.0
0.949,0.2,0.0,1.0,0.0,0.778,0.333,0.5,0.889,0.0,1.0,0.0,1.0,2.0,0.0,0.0,1.0
0.678,0.13,0.556,1.0,0.333,0.111,0.889,0.75,0.0,0.0,1.0,1.0,0.0,4.0,1.0,1.0,1.0
0.884,0.36,0.111,0.222,0.667,0.111,0.0,0.0,0.333,1.0,0.0,1.0,0.0,9.0,1.0,0.0,0.0
0.573,0.438,0.444,0.111,0.111,0.889,0.333,0.25,0.0,0.0,1.0,0.0,0.0,5.0,1.0,0.0,0.0
0.19,0.988,0.444,0.333,0.556,0.889,0.222,0.25,0.0,1.0,0.0,0.0,0.0,7.0,0.0,0.0,1.0
0.683,0.345,0.222,0.222,0.333,0.889,0.889,0.5,0.889,0.0,1.0,1.0,0.0,9.0,1.0,1.0,0.0
0.76,0.226,0.778,0.444,0.0,0.0,0.778,1.0,1.0,0.0,1.0,0.0,1.0,2.0,1.0,0.0,1.0
0.838,0.884,0.0,1.0,0.556,0.111,0.556,0.75,0.333,0.0,0.0,1.0,0.0,8.0,0.0,1.0,1.0
0.509,0.568,0.222,0.111,0.111,0.222,0.0,0.75,0.444,0.0,0.0,0.0,0.0,3.0,1.0,1.0,1.0
0.924,0.638,0.111,1.0,0.0,0.778,1.0,1.0,0.333,0.0,1.0,0.0,1.0,2.0,0.0,0.0,1.0
0.191,0.903,0.667,0.222,0.889,0.0,1.0,0.75,0.0,0.0,1.0,0.0,1.0,8.0,0.0,0.0,0.0
0.858,0.207,1.0,0.111,0.333,0.0,0.667,0.75,0.889,0.0,0.0,0.0,1.0,5.0,0.0,1.0,0.0
0.018,0.629,0.222,0.222,0.333,0.444,0.667,1.0,0.444,0.0,1.0,0.0,0.0,5.0,0.0,0.0,1.0
0.726,0.257,1.0,0.889,0.111,0.444,0.444,1.0,1.0,1.0,0.0,1.0,0.0,1.0,0.0,1.0,1.0
0.294,0.001,0.111,0.333,0.111,0.778,0.111,0.0,1.0,0.0,1.0,1.0,0.0,6.0,1.0,0.0,0.0
0.736,0.71,1.0,0.556,1.0,0.889,0.444,0.0,0.889,1.0,0.0,0.0,0.0,5.0,0.0,1.0,0.0
0.478,0.33,0.111,0.444,0.444,0.333,0.111,0.0,0.333,0.0,0.0,1.0,0.0,0.0,1.0,0.0,1.0
0.221,0.584,0.333,0.556,0.444,0.0,0.222,0.0,0.333,0.0,1.0,0.0,1.0,1.0,0.0,1.0,0.0
0.733,0.126,0.0,0.111,0.0,0.333,0.111,1.0,0.667,0.0,1.0,1.0,0.0,2.0,0.0,0.0,1.0
0.102,0.055,0.0,0.0,0.444,0.556,0.889,0.25,0.889,0.0,1.0,1.0,0.0,5.0,1.0,1.0,1.0
0.752,0.947,0.667,0.111,0.889,0.333,0.444,0.5,0.889,0.0,0.0,1.0,0.0,4.0,0.0,0.0,1.0
0.491,0.219,0.778,0.0,0.444,0.0,0.111,0.0,1.0,0.0,0.0,0.0,0.0,7.0,0.0,1.0,0.0
0.669,0.45,0.222,0.889,0.444,0.0,0.667,0.5,0.778,0.0,1.0,1.0,0.0,9.0,0.0,0.0,1.0
0.241,0.946,0.222,0.0,0.111,0.111,0.556,0.0,0.556,0.0,1.0,0.0,0.0,9.0,0.0,0.0,0.0
0.134,0.75,0.333,0.556,0.778,0.889,0.111,0.5,0.667,0.0,1.0,1.0,0.0,3.0,0.0,0.0,1.0
0.625,0.428,0.222,0.667,0.778,0.0,0.667,1.0,0.222,0.0,1.0,0.0,1.0,3.0,0.0,1.0,0.0
0.284,0.68,0.778,0.222,0.333,0.222,0.889,1.0,0.333,1.0,0.0,1.0,0.0,6.0,1.0,1.0,1.0
0.34,0.533,0.444,0.778,0.556,0.333,0.778,0.0,0.778,0.0,1.0,0.0,1.0,1.0,0.0,1.0,0.0
0.987,0.47,0.0,0.111,1.0,0.0,0.0,1.0,0.778,0.0,0.0,0.0,0.0,9.0,0.0,1.0,1.0
0.408,0.865,0.0,0.444,0.667,0.667,0.222,0.5,0.667,0.0,1.0,1.0,0.0,1.0,1.0,0.0,0.0
0.852,0.429,0.889,0.222,0.222,0.889,0.333,0.5,0.667,0.0,0.0,0.0,0.0,9.0,0.0,0.0,0.0
0.717,0.796,0.222,0.0,0.333,0.556,0.0,0.5,0.889,0.0,0.0,1.0,0.0,3.0,1.0,1.0,1.0
0.086,0.747,0.333,0.222,0.556,0.556,0.222,0.5,0.667,0.0,1.0,0.0,0.0,6.0,0.0,0.0,1.0
0.743,0.183,0.778,0.556,0.111,0.333,0.0,0.25,0.444,1.0,0.0,0.0,0.0,3.0,0.0,0.0,1.0
0.872,0.133,1.0,0.444,0.0,0.444,0.333,0.25,0.556,0.0,1.0,0.0,1.0,9.0,0.0,0.0,1.0
0.553,0.811,0.0,0.0,1.0,0.889,0.889,0.25,0.778,0.0,0.0,0.0,1.0,9.0,1.0,0.0,0.0
0.886,0.934,1.0,0.667,0.444,0.778,0.444,0.0,0.778,0.0,0.0,0.0,1.0,2.0,1.0,0.0,0.0
0.291,0.304,1.0,1.0,0.111,0.889,0.333,0.25,0.667,0.0,1.0,0.0,1.0,6.0,0.0,0.0,1.0
0.236,0.108,0.778,0.889,0.222,0.778,0.667,0.5,0.556,0.0,0.0,1.0,0.0,1.0,0.0,0.0,1.0
0.86,0.017,0.556,0.556,0.444,0.111,0.667,0.0,0.0,0.0,0.0,0.0,1.0,1.0,0.0,0.0,0.0
0.136,0.61,0.333,0.333,0.667,0.333,0.333,0.5,0.222,0.0,1.0,0.0,0.0,9.0,1.0,0.0,0.0
0.457,0.046,0.0,0.111,1.0,0.333,0.778,0.0,0.778,0.0,1.0,1.0,0.0,9.0,1.0,1.0,0.0
0.161,0.066,1.0,0.222,0.111,0.444,0.333,0.0,0.556,0.0,0.0,0.0,1.0,0.0,0.0,0.0,1.0
0.332,0.596,1.0,0.556,0.778,0.0,0.222,1.0,0.556,1.0,0.0,1.0,0.0,1.0,1.0,0.0,0.0
0.82,0.927,0.333,1.0,0.444,0.444,0.667,0.0,0.0,0.0,1.0,0.0,1.0,8.0,0.0,1.0,0.0
0.493,0.141,0.889,0.111,0.111,0.778,0.333,0.25,1.0,0.0,0.0,0.0,1.0,0.0,0.0,1.0,0.0
0.329,0.009,0.444,0.444,1.0,0.333,0.222,0.75,0.111,0.0,1.0,1.0,0.0,1.0,1.0,1.0,0.0
0.136,0.62,0.667,0.333,0.444,0.222,0.444,0.5,0.889,0.0,1.0,0.0,1.0,5.0,0.0,1.0,1.0
0.532,0.607,0.667,0.111,0.667,0.333,0.444,0.25,0.111,1.0,0.0,0.0,1.0,6.0,1.0,1.0,0.0
0.653,0.37,0.111,0.111,0.444,0.667,0.556,1.0,0.667,0.0,0.0,1.0,0.0,6.0,1.0,1.0,0.0
0.822,0.329,0.778,0.556,0.222,0.444,0.111,0.25,0.667,0.0,1.0,1.0,0.0,0.0,0.0,0.0,0.0
0.405,0.913,0.0,0.0,0.222,1.0,0.222,0.5,0.556,1.0,0.0,1.0,0.0,1.0,0.0,0.0,1.0
0.855,0.005,0.222,0.556,0.889,0.333,0.222,0.75,0.667,0.0,0.0,1.0,0.0,2.0,1.0,0.0,1.0
0.407,0.47,0.111,1.0,0.222,0.778,1.0,0.5,1.0,1.0,0.0,0.0,1.0,7.0,1.0,1.0,1.0
0.225,0.958,0.556,0.222,0.667,0.0,0.444,0.75,0.778,0.0,1.0,1.0,0.0,9.0,0.0,1.0,0.0
0.475,0.105,0.0,0.444,0.667,0.556,0.444,0.5,0.556,0.0,1.0,1.0,0.0,3.0,0.0,0.0,0.0
0.753,0.559,0.778,0.778,0.444,0.111,0.111,0.0,0.556,0.0,0.0,0.0,1.0,1.0,0.0,1.0,0.0
0.716,0.526,0.111,1.0,0.222,0.778,1.0,0.75,0.667,1.0,0.0,0.0,0.0,5.0,1.0,0.0,1.0
0.473,0.505,0.778,0.556,0.333,0.556,0.333,0.5,0.667,0.0,1.0,0.0,0.0,9.0,0.0,1.0,1.0
0.941,0.833,0.444,0.556,0.444,0.778,0.667,0.75,0.222,0.0,1.0,0.0,0.0,3.0,1.0,1.0,0.0
0.544,0.527,0.889,0.0,0.778,0.556,0.333,0.5,0.889,0.0,0.0,0.0,1.0,7.0,0.0,1.0,0.0
0.738,0.836,0.111,0.333,0.222,0.556,1.0,0.75,0.444,0.0,1.0,1.0,0.0,4.0,0.0,0.0,0.0
0.558,0.813,0.667,0.222,0.333,0.333,0.667,0.5,0.111,0.0,1.0,1.0,0.0,7.0,1.0,1.0,0.0
0.422,0.73,0.889,0.222,0.556,0.778,0.222,0.0,0.222,0.0,0.0,0.0,0.0,4.0,0.0,1.0,0.0
0.346,0.596,0.222,0.111,0.0,1.0,0.778,0.5,0.556,0.0,1.0,1.0,0.0,3.0,1.0,1.0,0.0
0.024,0.829,0.556,0.667,0.778,0.333,1.0,0.75,0.333,0.0,1.0,1.0,0.0,1.0,1.0,1.0,1.0
0.623,0.312,1.0,0.667,0.889,0.0,0.222,0.75,0.111,1.0,0.0,0.0,1.0,3.0,1.0,1.0,0.0
0.026,0.681,1.0,1.0,0.556,0.667,0.222,1.0,0.778,1.0,0.0,0.0,0.0,9.0,0.0,1.0,0.0
0.871,0.208,0.0,0.889,0.889,0.889,0.111,0.5,0.111,1.0,0.0,0.0,1.0,7.0,1.0,0.0,1.0
0.478,0.021,0.222,0.556,0.444,0.0,0.333,0.5,0.889,0.0,1.0,0.0,1.0,8.0,0.0,1.0,0.0
0.322,0.16,0.444,0.667,0.778,0.778,0.222,0.75,0.778,1.0,0.0,0.0,0.0,7.0,0.0,0.0,0.0
0.523,0.92,0.889,0.667,0.0,0.333,0.333,1.0,1.0,0.0,1.0,1.0,0.0,8.0,1.0,1.0,1.0
0.798,0.623,0.222,0.556,0.222,0.222,0.556,0.0,0.333,0.0,0.0,1.0,0.0,8.0,0.0,1.0,1.0
0.309,0.391,0.333,0.444,0.111,0.222,0.889,0.25,0.667,1.0,0.0,1.0,0.0,3.0,1.0,0.0,0.0
0.712,0.443,0.111,0.0,0.222,1.0,0.778,0.75,0.444,0.0,1.0,1.0,0.0,7.0,1.0,0.0,1.0
0.968,0.77,0.444,0.889,0.0,0.556,0.111,1.0,0.667,1.0,0.0,0.0,1.0,4.0,1.0,0.0,0.0
0.21,0.481,0.222,0.333,0.0,0.444,0.444,0.5,0.778,1.0,0.0,1.0,0.0,1.0,1.0,1.0,1.0
0.318,0.275,0.889,0.111,0.889,0.667,0.556,1.0,0.111,1.0,0.0,1.0,0.0,7.0,1.0,1.0,0.0
0.499,0.814,0.444,0.0,0.0,0.444,0.444,0.25,0.333,0.0,0.0,1.0,0.0,8.0,1.0,1.0,0.0
0.126,0.193,0.556,1.0,0.444,0.111,0.889,0.25,0.111,0.0,1.0,0.0,0.0,9.0,0.0,1.0,1.0
0.149,0.449,0.222,0.333,0.222,0.333,0.889,0.75,0.667,1.0,0.0,0.0,1.0,7.0,0.0,1.0,0.0
0.86,0.797,0.0,0.0,0.667,0.333,0.556,1.0,0.333,0.0,0.0,0.0,1.0,5.0,0.0,0.0,1.0
0.283,0.607,0.111,0.222,1.0,0.111,0.111,0.5,0.778,0.0,1.0,1.0,0.0,6.0,0.0,1.0,0.0
0.109,0.206,0.111,0.444,0.556,0.889,0.778,0.0,0.778,0.0,1.0,1.0,0.0,7.0,0.0,0.0,1.0
0.589,0.873,1.0,0.444,0.556,0.333,0.778,1.0,1.0,0.0,0.0,0.0,1.0,3.0,1.0,1.0,0.0
0.675,0.829,0.444,0.222,0.333,0.778,0.444,0.25,0.778,0.0,0.0,0.0,0.0,3.0,1.0,0.0,1.0
0.177,0.235,0.778,0.667,0.778,0.444,0.111,0.75,0.778,1.0,0.0,0.0,0.0,6.0,0.0,0.0,1.0
0.03,0.024,0.889,0.778,0.778,0.111,0.222,0.25,0.333,0.0,1.0,0.0,0.0,5.0,0.0,1.0,0.0
0.947,0.611,0.778,0.556,0.778,0.556,0.0,0.5,0.778,1.0,0.0,0.0,0.0,5.0,0.0,0.0,1.0
0.844,0.392,0.556,0.444,0.556,0.222,0.667,0.75,0.444,0.0,0.0,1.0,0.0,7.0,1.0,1.0,0.0
0.269,0.131,0.444,0.667,0.444,0.778,0.111,1.0,0.556,0.0,0.0,1.0,0.0,5.0,0.0,1.0,0.0
0.888,0.34,0.889,0.333,0.222,0.444,1.0,0.5,0.222,0.0,1.0,1.0,0.0,7.0,1.0,0.0,0.0
0.126,0.289,0.222,0.444,0.111,0.222,0.111,0.5,0.333,0.0,0.0,0.0,0.0,4.0,1.0,1.0,0.0
0.441,0.843,0.444,0.667,0.889,0.889,0.222,0.5,0.778,1.0,0.0,0.0,0.0,4.0,0.0,0.0,0.0
0.218,0.512,0.222,0.889,0.667,1.0,0.444,1.0,0.111,0.0,1.0,1.0,0.0,7.0,1.0,1.0,1.0
0.103,0.526,0.444,0.667,0.111,0.222,0.333,1.0,1.0,0.0,0.0,1.0,0.0,2.0,1.0,1.0,0.0
0.539,0.61,0.111,0.889,0.222,0.111,0.889,1.0,0.0,0.0,1.0,0.0,0.0,6.0,0.0,0.0,1.0
0.904,0.107,0.0,0.667,1.0,0.889,0.111,0.75,0.889,0.0,1.0,0.0,0.0,7.0,1.0,1.0,1.0
0.751,0.421,0.222,0.444,0.444,0.333,0.778,0.0,0.667,1.0,0.0,0.0,0.0,5.0,0.0,0.0,1.0
0.128,0.665,0.222,0.222,0.444,1.0,0.111,0.0,0.222,1.0,0.0,1.0,0.0,7.0,1.0,1.0,1.0
0.777,0.064,0.444,0.111,0.222,0.333,0.222,0.75,0.0,0.0,0.0,0.0,1.0,0.0,1.0,0.0,0.0
0.415,0.012,0.667,0.333,1.0,0.889,0.0,0.75,0.778,0.0,1.0,1.0,0.0,1.0,1.0,1.0,1.0
0.022,0.037,0.778,0.667,0.778,0.0,0.222,1.0,0.778,1.0,0.0,0.0,0.0,2.0,0.0,1.0,0.0
0.162,0.252,0.778,0.111,0.111,1.0,0.333,0.25,0.444,0.0,1.0,0.0,0.0,5.0,0.0,1.0,1.0
0.258,0.973,0.444,0.667,0.333,0.0,0.778,0.25,0.444,1.0,0.0,0.0,1.0,6.0,0.0,1.0,0.0
0.324,0.272,0.556,0.0,0.444,0.889,0.444,1.0,0.444,0.0,1.0,0.0,1.0,9.0,1.0,1.0,1.0
0.098,0.917,1.0,0.0,0.444,0.0,1.0,0.0,0.444,1.0,0.0,0.0,0.0,7.0,0.0,0.0,0.0
0.443,0.452,0.222,0.667,1.0,0.222,0.0,0.25,0.778,0.0,1.0,0.0,1.0,9.0,0.0,1.0,0.0
0.815,0.809,1.0,0.111,0.556,0.444,0.556,0.75,0.222,0.0,0.0,0.0,0.0,2.0,0.0,1.0,1.0
0.821,0.921,0.0,0.667,0.111,0.111,0.667,0.75,0.889,1.0,0.0,0.0,0.0,0.0,1.0,1.0,1.0
0.628,0.176,0.444,0.222,0.778,0.111,0.222,0.5,0.222,0.0,0.0,0.0,0.0,9.0,1.0,1.0,1.0
0.718,0.331,0.556,0.889,0.778,1.0,0.667,0.5,0.0,0.0,1.0,1.0,0.0,8.0,0.0,0.0,1.0
0.12,0.387,0.0,0.222,0.111,0.667,0.0,0.75,0.111,1.0,0.0,0.0,1.0,6.0,1.0,1.0,0.0
0.155,0.117,0.444,0.111,1.0,1.0,0.444,1.0,0.444,1.0,0.0,0.0,1.0,7.0,1.0,1.0,0.0
0.434,0.021,0.667,0.222,0.444,1.0,0.778,0.75,0.0,0.0,0.0,0.0,0.0,8.0,0.0,1.0,0.0
0.699,0.264,0.222,0.0,0.889,0.778,0.333,0.0,1.0,1.0,0.0,1.0,0.0,3.0,1.0,0.0,1.0
0.492,0.093,0.222,0.0,0.333,0.667,0.333,0.5,0.444,1.0,0.0,1.0,0.0,2.0,1.0,0.0,0.0
0.844,0.403,0.111,0.444,0.111,0.111,0.0,0.5,0.222,0.0,1.0,1.0,0.0,0.0,1.0,1.0,1.0
0.632,0.761,0.0,0.0,1.0,0.333,0.667,0.5,0.556,0.0,1.0,0.0,1.0,9.0,0.0,0.0,0.0
0.173,0.619,1.0,0.556,1.0,0.889,0.444,0.0,0.333,1.0,0.0,0.0,1.0,3.0,1.0,0.0,0.0
0.738,0.136,0.222,0.333,0.667,0.667,1.0,0.25,0.889,1.0,0.0,0.0,0.0,5.0,1.0,1.0,1.0
0.584,0.103,0.667,0.889,0.778,1.0,0.778,0.75,0.111,1.0,0.0,1.0,0.0,9.0,1.0,1.0,1.0
0.642,0.841,0.444,0.889,0.889,0.556,0.667,0.5,0.111,1.0,0.0,0.0,1.0,8.0,1.0,1.0,0.0
0.838,0.43,0.111,0.222,0.444,0.333,0.333,0.0,0.667,0.0,1.0,0.0,1.0,1.0,0.0,0.0,0.0
0.349,0.836,0.444,1.0,0.889,0.556,0.778,1.0,0.889,0.0,0.0,0.0,0.0,0.0,0.0,1.0,0.0
0.613,0.443,0.111,0.111,0.0,0.444,0.556,0.25,0.667,1.0,0.0,1.0,0.0,1.0,1.0,1.0,0.0
0.724,0.166,0.0,1.0,0.111,0.0,0.667,0.5,1.0,0.0,0.0,0.0,0.0,9.0,0.0,0.0,0.0
0.673,0.034,1.0,0.222,0.333,0.111,0.222,0.5,0.778,0.0,1.0,0.0,1.0,8.0,0.0,0.0,0.0
0.992,0.22,0.222,0.0,0.222,0.0,0.333,0.0,0.778,1.0,0.0,1.0,0.0,6.0,0.0,0.0,0.0
0.744,0.756,0.667,0.889,1.0,0.111,0.0,0.25,0.111,0.0,0.0,0.0,0.0,5.0,0.0,0.0,0.0
0.759,0.052,0.111,0.778,0.111,0.222,0.778,0.75,0.556,1.0,0.0,0.0,0.0,6.0,0.0,0.0,1.0
0.08,0.416,0.111,0.0,0.0,0.444,0.0,0.5,0.889,0.0,1.0,0.0,0.0,1.0,0.0,0.0,0.0
0.512,0.127,0.778,0.556,0.111,0.667,1.0,0.25,0.667,0.0,0.0,0.0,0.0,6.0,0.0,1.0,0.0
0.545,0.956,0.222,0.0,0.222,0.333,0.444,1.0,0.889,1.0,0.0,1.0,0.0,0.0,0.0,1.0,1.0
0.916,0.55,0.778,0.333,0.556,0.0,0.667,1.0,0.667,0.0,0.0,0.0,0.0,7.0,0.0,0.0,1.0
0.018,0.57,1.0,0.333,0.778,0.333,0.333,0.5,0.889,0.0,0.0,0.0,0.0,5.0,0.0,0.0,0.0
0.055,0.899,0.333,0.222,0.556,0.556,0.444,1.0,0.778,0.0,0.0,0.0,1.0,7.0,1.0,1.0,1.0
0.337,0.149,1.0,0.889,0.333,0.444,0.444,0.5,0.556,1.0,0.0,1.0,0.0,9.0,0.0,1.0,0.0
0.369,0.455,0.889,0.0,0.111,0.111,0.667,0.25,0.556,0.0,0.0,0.0,0.0,8.0,0.0,0.0,1.0
0.022,0.749,0.778,0.222,0.667,0.111,0.778,0.0,0.889,0.0,0.0,0.0,0.0,5.0,1.0,0.0,0.0
0.029,0.994,0.778,1.0,0.0,1.0,0.333,0.0,0.778,0.0,0.0,1.0,0.0,7.0,1.0,1.0,0.0
0.359,0.498,0.111,0.0,0.778,0.667,0.778,0.0,0.222,0.0,1.0,0.0,1.0,7.0,0.0,1.0,0.0
0.696,0.159,0.556,0.0,0.667,0.333,0.111,1.0,0.667,0.0,1.0,0.0,1.0,4.0,1.0,1.0,1.0
0.615,0.587,0.556,0.222,0.333,0.222,0.667,0.0,1.0,0.0,0.0,0.0,1.0,5.0,0.0,0.0,1.0
0.315,0.127,0.889,0.667,0.0,0.0,0.0,0.5,0.444,1.0,0.0,0.0,0.0,3.0,0.0,0.0,1.0
0.326,0.198,0.222,0.556,0.667,1.0,0.889,0.0,1.0,0.0,1.0,1.0,0.0,8.0,0.0,0.0,1.0
0.098,1.0,0.222,0.444,0.667,0.556,0.111,0.75,0.0,1.0,0.0,0.0,1.0,5.0,1.0,0.0,1.0
0.447,0.758,0.556,0.111,0.111,0.444,0.0,0.0,0.889,1.0,0.0,0.0,0.0,4.0,1.0,0.0,0.0
0.129,0.004,0.778,0.444,0.778,0.333,0.222,0.5,0.222,0.0,0.0,1.0,0.0,7.0,0.0,0.0,0.0
0.325,0.861,0.111,0.222,0.222,0.333,0.111,0.0,0.556,1.0,0.0,1.0,0.0,0.0,0.0,0.0,0.0
0.89,0.483,0.111,0.889,0.778,0.111,1.0,0.5,0.778,0.0,0.0,0.0,0.0,7.0,0.0,0.0,0.0
0.929,0.263,0.778,0.333,1.0,0.444,0.333,0.5,0.889,0.0,1.0,0.0,1.0,4.0,1.0,1.0,1.0
0.271,0.953,0.222,0.0,1.0,0.222,0.444,0.75,1.0,0.0,0.0,0.0,0.0,3.0,1.0,1.0,1.0
0.098,0.893,0.889,0.444,1.0,0.222,0.333,0.5,0.222,0.0,1.0,0.0,1.0,4.0,0.0,0.0,0.0
0.54,0.114,1.0,0.444,1.0,0.0,0.111,0.75,0.333,0.0,1.0,0.0,0.0,5.0,0.0,1.0,0.0
0.729,0.532,0.222,0.444,0.889,0.556,0.889,0.5,0.889,0.0,0.0,0.0,0.0,1.0,1.0,1.0,1.0
0.299,0.207,0.222,0.778,0.889,0.333,0.111,0.5,0.0,0.0,0.0,0.0,1.0,9.0,0.0,0.0,0.0
0.4,0.224,0.556,1.0,0.222,0.333,0.222,1.0,0.222,0.0,0.0,1.0,0.0,1.0,1.0,0.0,1.0
0.43,0.332,0.111,1.0,0.444,0.889,0.667,1.0,0.333,0.0,1.0,1.0,0.0,8.0,1.0,1.0,1.0
0.944,0.197,0.778,0.333,0.0,0.222,1.0,1.0,0.333,0.0,0.0,0.0,1.0,8.0,0.0,0.0,1.0
0.662,0.659,0.0,0.0,0.556,0.778,1.0,0.0,0.444,0.0,1.0,1.0,0.0,8.0,1.0,0.0,1.0
0.98,0.801,0.778,0.333,0.889,0.778,0.444,1.0,0.556,0.0,1.0,0.0,1.0,7.0,1.0,1.0,0.0
0.402,0.531,0.222,0.0,0.667,0.333,1.0,0.0,1.0,0.0,0.0,1.0,0.0,3.0,0.0,0.0,1.0
0.343,0.875,0.889,0.444,0.333,0.778,0.444,0.25,0.333,1.0,0.0,0.0,1.0,2.0,0.0,0.0,0.0
0.874,0.8,0.333,0.111,0.333,0.667,0.778,0.25,0.778,0.0,1.0,1.0,0.0,5.0,0.0,0.0,0.0
0.054,0.161,0.111,0.333,0.444,1.0,0.667,0.0,0.222,1.0,0.0,0.0,0.0,2.0,1.0,1.0,0.0
0.424,0.261,0.889,0.222,0.222,0.333,0.778,0.5,0.0,0.0,0.0,0.0,1.0,0.0,1.0,1.0,0.0
0.144,0.168,0.444,0.111,1.0,0.556,0.778,0.75,0.333,1.0,0.0,0.0,0.0,7.0,1.0,0.0,1.0
0.16,0.553,0.222,0.667,1.0,0.333,0.778,1.0,0.778,0.0,0.0,1.0,0.0,6.0,0.0,0.0,1.0
0.026,0.449,0.222,0.667,0.333,0.222,0.111,0.0,0.0,1.0,0.0,0.0,1.0,7.0,1.0,0.0,1.0
0.26,0.526,0.556,0.556,0.444,0.667,0.0,0.5,0.778,1.0,0.0,0.0,0.0,9.0,1.0,1.0,0.0
0.93,0.151,0.111,1.0,0.111,0.667,0.111,1.0,0.0,0.0,1.0,1.0,0.0,6.0,1.0,1.0,1.0
0.703,0.204,0.111,0.556,1.0,0.556,0.111,0.25,0.556,1.0,0.0,0.0,1.0,5.0,0.0,0.0,1.0
0.214,0.858,0.444,1.0,0.111,0.222,0.556,1.0,0.333,1.0,0.0,1.0,0.0,2.0,1.0,1.0,0.0
0.687,0.16,0.222,0.556,0.667,0.222,0.556,0.75,0.222,1.0,0.0,0.0,1.0,1.0,0.0,1.0,0.0
0.912,0.59,0.889,0.556,0.778,0.111,0.556,0.0,0.333,0.0,0.0,0.0,0.0,9.0,1.0,0.0,0.0
0.325,0.845,0.667,0.0,0.333,0.222,0.778,0.25,0.667,0.0,1.0,0.0,0.0,6.0,1.0,0.0,1.0
0.98,0.213,0.222,0.444,1.0,0.556,0.444,0.25,0.667,0.0,0.0,0.0,0.0,5.0,0.0,0.0,0.0
0.16,0.518,0.222,0.889,0.0,0.778,0.889,0.0,0.111,0.0,1.0,0.0,0.0,0.0,0.0,1.0,1.0
0.851,0.725,0.889,1.0,0.778,1.0,0.222,0.0,0.444,0.0,1.0,0.0,1.0,6.0,0.0,1.0,0.0
0.659,0.234,0.444,0.333,0.778,0.222,0.444,0.0,1.0,0.0,1.0,0.0,0.0,9.0,1.0,0.0,0.0
0.437,0.76,0.667,0.111,0.889,0.778,0.556,0.5,0.778,1.0,0.0,0.0,1.0,4.0,1.0,1.0,0.0
0.539,0.398,0.333,1.0,0.333,0.778,0.444,1.0,0.444,1.0,0.0,0.0,1.0,0.0,0.0,1.0,0.0
0.881,0.334,1.0,0.111,0.667,1.0,0.0,0.75,0.778,1.0,0.0,0.0,0.0,1.0,0.0,1.0,1.0
0.268,0.104,0.556,1.0,0.778,0.444,0.333,1.0,0.778,1.0,0.0,0.0,0.0,4.0,1.0,0.0,0.0
0.662,0.115,0.111,0.111,0.444,0.889,0.333,0.0,0.222,1.0,0.0,0.0,0.0,0.0,1.0,1.0,1.0
0.963,0.781,0.556,0.778,0.778,0.444,1.0,0.0,0.889,0.0,0.0,0.0,1.0,8.0,0.0,0.0,1.0
0.267,0.001,0.222,0.444,0.556,0.556,0.0,1.0,0.778,0.0,0.0,0.0,0.0,1.0,1.0,0.0,0.0
0.392,0.234,0.889,0.333,0.0,0.667,0.111,0.75,0.222,0.0,1.0,0.0,0.0,6.0,1.0,0.0,1.0
0.632,0.943,0.333,0.556,0.333,0.111,0.778,0.5,0.444,1.0,0.0,1.0,0.0,3.0,1.0,1.0,0.0
0.64,0.185,0.667,0.111,0.0,1.0,1.0,0.25,0.0,0.0,0.0,0.0,1.0,6.0,0.0,0.0,1.0
0.805,0.052,1.0,0.0,0.667,1.0,0.556,0.0,0.556,1.0,0.0,0.0,0.0,8.0,1.0,0.0,1.0
0.966,0.871,0.667,0.667,0.778,0.889,0.333,0.5,1.0,0.0,1.0,0.0,0.0,1.0,0.0,0.0,0.0
0.856,0.929,0.556,0.889,0.556,1.0,0.222,1.0,1.0,0.0,1.0,1.0,0.0,0.0,1.0,0.0,0.0
0.667,0.167,0.667,0.667,0.222,1.0,0.111,0.0,0.778,0.0,1.0,1.0,0.0,7.0,0.0,0.0,0.0
0.455,0.206,0.889,0.778,0.556,0.556,0.667,0.75,0.778,1.0,0.0,0.0,0.0,8.0,1.0,0.0,0.0
0.031,0.548,0.111,0.222,0.667,0.778,1.0,0.75,0.667,0.0,1.0,0.0,1.0,9.0,0.0,1.0,0.0
0.879,0.887,1.0,0.667,0.0,0.111,1.0,0.0,0.889,0.0,0.0,0.0,1.0,9.0,1.0,0.0,0.0
0.202,0.112,1.0,0.444,0.0,0.0,0.111,0.25,0.111,0.0,1.0,0.0,0.0,4.0,0.0,0.0,1.0
0.169,0.198,0.556,0.444,0.333,0.556,0.333,0.5,0.667,0.0,0.0,0.0,0.0,1.0,0.0,0.0,0.0
0.932,0.071,0.222,0.556,0.222,0.444,0.444,1.0,0.0,0.0,0.0,0.0,1.0,4.0,0.0,0.0,1.0
0.889,0.315,0.667,0.667,0.333,0.778,0.222,0.75,0.333,0.0,0.0,0.0,0.0,4.0,1.0,0.0,0.0
0.835,0.347,0.0,0.222,0.889,0.111,1.0,0.5,0.778,1.0,0.0,0.0,1.0,4.0,0.0,1.0,0.0
0.288,0.771,0.111,0.0,0.333,0.0,1.0,0.25,0.444,1.0,0.0,0.0,0.0,5.0,1.0,1.0,1.0
0.363,0.546,0.778,0.333,0.111,0.889,0.444,0.5,0.333,0.0,0.0,1.0,0.0,6.0,1.0,0.0,0.0
0.245,0.127,0.0,0.0,0.111,0.778,0.778,1.0,0.889,1.0,0.0,0.0,0.0,7.0,0.0,1.0,0.0
0.494,0.049,0.444,0.556,0.778,0.333,0.0,0.25,1.0,1.0,0.0,1.0,0.0,0.0,0.0,1.0,0.0
0.876,0.446,0.0,0.111,0.889,1.0,0.556,0.5,0.889,0.0,1.0,1.0,0.0,2.0,0.0,1.0,1.0
0.908,0.946,0.0,0.444,0.333,0.778,0.667,0.25,0.667,0.0,1.0,1.0,0.0,9.0,1.0,0.0,1.0
0.427,0.453,1.0,0.889,0.778,0.0,0.889,0.75,0.333,1.0,0.0,1.0,0.0,8.0,1.0,0.0,0.0
0.41,0.657,0.778,0.444,0.333,0.0,0.111,0.0,0.444,0.0,1.0,0.0,1.0,7.0,1.0,0.0,0.0
0.301,0.051,0.556,0.444,0.0,0.0,0.333,0.0,0.222,0.0,0.0,1.0,0.0,6.0,0.0,0.0,1.0
0.891,0.108,0.889,0.222,0.889,0.111,0.444,1.0,0.889,0.0,0.0,0.0,1.0,7.0,1.0,1.0,0.0
0.776,0.292,0.667,0.333,0.667,0.444,0.667,0.5,0.0,1.0,0.0,1.0,0.0,9.0,0.0,1.0,0.0
0.387,0.129,0.333,0.0,0.111,0.222,0.778,0.0,0.222,0.0,0.0,0.0,1.0,4.0,1.0,1.0,1.0
0.14,0.892,0.556,0.889,0.0,0.222,0.556,0.5,0.444,0.0,0.0,1.0,0.0,6.0,1.0,0.0,0.0
0.867,0.464,0.556,0.222,0.889,0.222,0.778,0.75,0.889,0.0,0.0,0.0,0.0,7.0,0.0,0.0,0.0
0.654,0.202,0.111,0.556,0.333,0.0,0.667,0.75,0.778,0.0,1.0,0.0,0.0,0.0,1.0,0.0,0.0
0.093,0.225,0.889,0.556,0.222,0.556,0.111,0.0,0.222,0.0,1.0,0.0,1.0,4.0,1.0,1.0,0.0
0.377,0.562,0.0,0.778,0.444,0.111,0.333,0.0,0.556,0.0,1.0,0.0,1.0,7.0,0.0,0.0,0.0
0.088,0.773,0.556,0.444,0.556,0.667,0.0,1.0,0.444,0.0,0.0,1.0,0.0,7.0,0.0,0.0,0.0
0.517,0.399,0.667,0.444,0.556,0.778,0.889,0.25,0.444,0.0,1.0,1.0,0.0,7.0,0.0,0.0,1.0
0.615,0.587,0.333,0.778,0.444,0.556,0.444,0.5,0.444,1.0,0.0,1.0,0.0,4.0,0.0,1.0,0.0
0.543,0.374,0.0,0.333,0.222,0.889,0.778,0.0,0.667,1.0,0.0,0.0,1.0,9.0,0.0,0.0,1.0
0.975,0.25,0.0,0.778,1.0,0.667,1.0,1.0,0.889,0.0,1.0,1.0,0.0,5.0,0.0,0.0,0.0
0.282,0.319,0.889,0.778,0.222,0.111,0.111,0.0,0.222,1.0,0.0,1.0,0.0,7.0,1.0,1.0,0.0
0.268,0.102,0.444,0.889,0.556,0.333,0.333,1.0,1.0,0.0,0.0,0.0,0.0,9.0,1.0,0.0,1.0
0.203,0.275,1.0,0.444,1.0,0.778,0.667,0.25,0.444,0.0,1.0,0.0,0.0,8.0,0.0,1.0,1.0
0.489,0.713,0.667,0.222,0.889,1.0,0.889,0.0,0.111,0.0,1.0,0.0,1.0,7.0,1.0,0.0,0.0
0.302,0.93,0.667,0.778,0.778,1.0,0.444,0.5,1.0,0.0,1.0,0.0,0.0,1.0,0.0,1.0,1.0
0.699,0.538,0.333,0.333,1.0,0.556,0.333,0.5,0.0,0.0,1.0,0.0,0.0,7.0,1.0,0.0,1.0
0.8,0.263,0.889,0.0,0.556,1.0,0.556,1.0,0.111,0.0,1.0,0.0,0.0,6.0,1.0,0.0,1.0
0.897,0.806,0.222,0.444,0.556,0.222,0.111,1.0,0.333,0.0,1.0,0.0,0.0,1.0,1.0,0.0,1.0
0.603,0.587,0.222,0.111,0.444,0.778,0.0,0.25,0.667,0.0,0.0,1.0,0.0,4.0,0.0,0.0,1.0
0.87,0.562,0.333,0.333,0.333,0.889,0.556,0.0,0.333,0.0,1.0,0.0,1.0,3.0,0.0,1.0,1.0
0.858,0.833,0.444,0.889,0.889,0.222,0.333,0.5,1.0,0.0,0.0,0.0,1.0,5.0,1.0,1.0,0.0
0.714,0.864,0.889,0.0,1.0,0.778,0.222,0.25,0.444,1.0,0.0,1.0,0.0,1.0,0.0,0.0,0.0
0.963,0.21,0.667,0.778,0.444,0.0,0.667,0.75,0.778,1.0,0.0,0.0,1.0,9.0,0.0,1.0,1.0
0.797,0.615,1.0,0.222,0.889,0.222,0.778,0.75,0.0,1.0,0.0,1.0,0.0,1.0,0.0,1.0,1.0
0.547,0.204,0.667,0.444,0.778,0.556,1.0,1.0,0.667,0.0,1.0,0.0,0.0,2.0,0.0,0.0,1.0
0.329,0.788,0.333,0.111,0.556,0.111,0.778,0.5,0.0,0.0,1.0,0.0,0.0,5.0,1.0,0.0,0.0
0.032,0.128,0.556,0.333,0.556,0.333,0.333,0.0,0.0,0.0,0.0,1.0,0.0,5.0,1.0,0.0,1.0
0.753,0.692,1.0,0.444,0.111,1.0,0.889,0.5,0.556,1.0,0.0,1.0,0.0,4.0,1.0,1.0,0.0
0.42,0.532,0.667,0.667,0.778,0.889,0.778,0.0,1.0,0.0,1.0,0.0,1.0,6.0,0.0,0.0,1.0
0.403,0.698,0.778,0.111,0.222,0.556,0.0,0.75,0.222,1.0,0.0,0.0,1.0,6.0,1.0,1.0,1.0
0.753,0.995,0.111,0.889,0.556,0.667,0.556,1.0,1.0,0.0,0.0,1.0,0.0,5.0,0.0,1.0,0.0
0.557,0.591,0.222,0.667,0.111,0.889,0.222,1.0,0.444,0.0,1.0,0.0,1.0,4.0,0.0,1.0,0.0
0.955,0.376,0.556,0.0,0.444,0.667,0.889,0.25,0.222,0.0,1.0,0.0,0.0,3.0,0.0,0.0,0.0
0.796,0.291,0.778,0.333,0.444,0.556,0.444,1.0,0.778,1.0,0.0,0.0,1.0,0.0,1.0,0.0,0.0
0.165,0.056,0.333,0.0,0.444,0.222,1.0,0.25,0.667,1.0,0.0,0.0,1.0,5.0,1.0,1.0,1.0
0.238,0.654,0.556,0.778,0.556,0.333,0.778,0.0,0.444,0.0,1.0,1.0,0.0,3.0,0.0,1.0,1.0
0.367,0.805,0.222,0.556,0.889,0.333,0.667,0.0,0.222,1.0,0.0,0.0,0.0,5.0,1.0,0.0,1.0
0.515,0.018,0.778,0.889,0.0,0.667,0.444,0.0,0.778,0.0,0.0,0.0,0.0,2.0,1.0,1.0,1.0
0.1,0.032,0.444,0.667,0.0,0.111,0.556,1.0,0.889,1.0,0.0,1.0,0.0,8.0,1.0,0.0,1.0
0.149,0.836,0.889,0.778,1.0,0.111,0.0,0.75,0.444,0.0,1.0,0.0,1.0,1.0,0.0,1.0,0.0
0.362,0.135,1.0,0.222,0.222,0.444,0.111,0.5,0.111,0.0,1.0,0.0,1.0,2.0,1.0,0.0,1.0
0.104,0.571,0.556,0.222,0.111,0.222,1.0,0.25,1.0,0.0,0.0,0.0,1.0,2.0,0.0,1.0,1.0
0.48,0.277,0.667,0.667,0.333,0.222,0.778,0.5,0.667,1.0,0.0,1.0,0.0,8.0,1.0,0.0,0.0
0.131,0.677,0.667,0.444,0.0,0.222,0.222,0.25,0.889,0.0,1.0,1.0,0.0,6.0,0.0,0.0,0.0
0.507,0.836,0.444,0.889,0.889,0.778,0.333,0.25,0.222,0.0,0.0,0.0,0.0,0.0,0.0,1.0,1.0
0.642,0.576,1.0,0.444,0.667,0.778,0.778,0.5,0.333,0.0,0.0,0.0,1.0,7.0,1.0,1.0,0.0
0.214,0.59,0.0,0.333,0.556,0.111,0.778,0.5,0.0,0.0,0.0,1.0,0.0,7.0,1.0,0.0,1.0
0.334,0.839,0.111,0.556,0.889,0.222,1.0,1.0,0.333,0.0,1.0,0.0,0.0,2.0,1.0,1.0,1.0
0.932,0.578,0.444,0.889,0.333,0.222,0.889,0.0,1.0,0.0,1.0,1.0,0.0,4.0,1.0,0.0,1.0
0.785,0.249,0.778,0.111,0.778,0.556,0.889,0.75,0.444,0.0,0.0,0.0,1.0,7.0,1.0,1.0,1.0
0.257,0.669,1.0,0.0,0.556,0.111,0.889,0.5,0.667,0.0,0.0,1.0,0.0,4.0,0.0,0.0,1.0
0.099,0.495,0.0,0.778,0.444,1.0,0.0,1.0,0.667,0.0,0.0,0.0,0.0,6.0,0.0,1.0,1.0
0.678,0.382,0.556,0.667,0.444,0.778,0.444,1.0,1.0,0.0,0.0,1.0,0.0,7.0,0.0,1.0,0.0
0.549,0.375,0.0,0.222,0.778,0.556,0.556,0.0,0.0,0.0,1.0,0.0,0.0,1.0,1.0,0.0,1.0
0.465,0.771,0.889,0.556,0.889,0.778,0.556,0.5,0.556,0.0,1.0,0.0,0.0,8.0,0.0,1.0,1.0
0.653,0.44,0.778,0.0,1.0,0.889,0.556,1.0,0.667,0.0,1.0,0.0,0.0,9.0,0.0,1.0,0.0
0.583,0.491,1.0,0.889,0.889,0.333,0.0,0.25,0.0,0.0,0.0,0.0,1.0,1.0,1.0,0.0,1.0
0.222,0.571,0.222,0.111,0.667,0.444,0.222,0.5,0.444,0.0,0.0,0.0,0.0,5.0,1.0,1.0,1.0
0.11,0.713,0.889,1.0,1.0,0.667,0.222,0.25,0.444,0.0,0.0,1.0,0.0,3.0,1.0,0.0,0.0
0.908,0.109,0.444,1.0,0.889,0.111,0.111,0.5,0.333,0.0,1.0,0.0,1.0,7.0,1.0,1.0,0.0
0.084,0.222,0.778,0.222,1.0,0.444,0.889,0.25,0.0,0.0,1.0,0.0,1.0,4.0,0.0,1.0,0.0
0.458,0.59,0.333,0.222,0.333,0.111,0.444,1.0,0.889,1.0,0.0,0.0,1.0,1.0,0.0,1.0,0.0
0.988,0.963,0.778,1.0,0.667,0.222,0.444,0.0,0.444,0.0,1.0,0.0,1.0,7.0,0.0,0.0,1.0
0.303,0.51,1.0,0.333,0.889,0.222,0.556,0.75,1.0,0.0,1.0,1.0,0.0,0.0,0.0,1.0,0.0
0.975,0.095,0.222,0.222,0.111,1.0,0.556,1.0,0.444,1.0,0.0,0.0,0.0,6.0,0.0,1.0,0.0
0.119,0.881,0.0,0.111,0.444,0.667,0.222,1.0,0.111,0.0,1.0,1.0,0.0,5.0,1.0,0.0,0.0
0.727,0.975,0.0,0.0,0.667,0.667,0.556,0.25,0.889,0.0,1.0,1.0,0.0,3.0,1.0,1.0,0.0
0.247,0.041,0.222,0.889,0.111,0.778,0.222,0.25,0.889,1.0,0.0,1.0,0.0,0.0,1.0,1.0,0.0
0.248,0.831,0.0,0.444,1.0,0.0,0.444,0.75,0.0,1.0,0.0,0.0,1.0,3.0,1.0,0.0,0.0
0.279,0.633,0.222,0.556,0.444,0.444,0.111,1.0,0.667,0.0,0.0,0.0,1.0,6.0,1.0,0.0,0.0
0.597,0.532,0.556,0.222,0.889,0.333,1.0,0.0,1.0,0.0,1.0,1.0,0.0,1.0,1.0,1.0,1.0
0.607,0.853,0.111,0.667,0.333,0.333,0.778,0.0,0.667,0.0,1.0,1.0,0.0,5.0,1.0,1.0,0.0
0.365,0.458,0.556,0.778,0.778,0.778,0.333,0.0,0.0,0.0,0.0,0.0,0.0,6.0,0.0,0.0,1.0
0.091,0.67,0.667,0.778,0.111,0.444,0.556,0.25,0.778,1.0,0.0,0.0,0.0,4.0,1.0,1.0,0.0
0.565,0.072,0.778,0.556,0.667,0.444,0.333,0.0,0.333,0.0,0.0,0.0,0.0,3.0,1.0,0.0,1.0
0.832,0.569,1.0,0.0,0.111,0.889,1.0,0.0,0.444,0.0,0.0,0.0,0.0,3.0,0.0,0.0,1.0
0.236,0.164,0.444,0.111,0.222,0.0,0.556,1.0,0.667,0.0,0.0,1.0,0.0,8.0,1.0,1.0,0.0
0.589,0.334,1.0,0.556,0.889,0.889,0.0,1.0,0.667,0.0,0.0,0.0,0.0,1.0,0.0,1.0,0.0
0.551,0.515,0.111,0.0,1.0,0.0,0.778,0.5,0.222,0.0,1.0,1.0,0.0,4.0,1.0,1.0,0.0
0.379,0.182,0.0,0.667,0.444,1.0,0.778,0.75,0.111,0.0,1.0,0.0,0.0,2.0,1.0,0.0,1.0
0.029,0.329,0.222,0.0,0.556,0.556,0.556,0.0,1.0,0.0,0.0,0.0,1.0,3.0,0.0,1.0,1.0
0.14,0.407,0.778,0.889,0.444,0.333,1.0,0.75,0.0,1.0,0.0,1.0,0.0,5.0,0.0,0.0,1.0
0.349,0.848,0.444,0.222,0.667,0.222,0.556,1.0,0.778,0.0,1.0,0.0,0.0,6.0,1.0,0.0,1.0
0.864,0.11,0.111,0.333,0.556,0.111,0.111,0.25,0.444,1.0,0.0,0.0,1.0,3.0,0.0,1.0,0.0
0.895,0.501,0.889,0.556,0.333,0.0,0.0,0.75,0.222,0.0,0.0,1.0,0.0,0.0,0.0,0.0,0.0
0.947,0.105,0.333,1.0,0.0,0.333,0.444,1.0,0.444,0.0,0.0,0.0,1.0,7.0,0.0,0.0,1.0
0.479,0.391,0.222,0.889,0.111,0.556,0.444,0.25,0.778,0.0,1.0,1.0,0.0,7.0,1.0,0.0,0.0
0.238,0.547,0.667,0.222,0.778,0.111,0.667,0.25,0.0,0.0,1.0,0.0,1.0,1.0,0.0,0.0,0.0
0.483,0.888,0.889,1.0,0.889,0.556,0.778,0.5,0.0,0.0,0.0,0.0,0.0,2.0,0.0,1.0,0.0
0.511,0.338,0.889,0.0,0.778,0.444,0.556,0.25,0.667,0.0,1.0,1.0,0.0,3.0,1.0,1.0,0.0
0.96,0.854,0.111,0.333,0.111,0.111,0.222,1.0,0.556,1.0,0.0,1.0,0.0,4.0,0.0,0.0,0.0
0.048,0.283,0.778,0.778,1.0,0.778,0.778,1.0,0.556,0.0,0.0,1.0,0.0,1.0,1.0,1.0,0.0
0.198,0.221,0.0,1.0,0.667,0.889,0.889,0.0,0.889,0.0,0.0,1.0,0.0,9.0,1.0,0.0,1.0
0.638,0.908,0.333,0.556,0.222,0.111,0.778,0.5,0.556,1.0,0.0,0.0,0.0,1.0,0.0,1.0,0.0
0.477,0.804,0.333,0.444,0.889,1.0,0.889,0.75,0.889,0.0,0.0,0.0,1.0,2.0,0.0,0.0,1.0
0.906,0.958,0.889,0.778,0.556,0.889,0.333,0.75,0.444,1.0,0.0,1.0,0.0,7.0,0.0,0.0,0.0
0.088,0.722,0.0,0.444,0.556,0.111,0.333,0.75,0.667,0.0,1.0,1.0,0.0,6.0,1.0,1.0,0.0
0.146,0.708,0.889,0.0,0.444,0.0,0.556,0.25,1.0,1.0,0.0,0.0,1.0,6.0,1.0,1.0,0.0
0.641,0.246,0.889,0.889,0.556,0.111,0.778,0.25,0.222,0.0,1.0,0.0,0.0,5.0,1.0,1.0,1.0
0.452,0.353,0.667,0.111,0.222,1.0,0.667,1.0,0.222,1.0,0.0,1.0,0.0,2.0,0.0,0.0,0.0
0.287,0.496,0.444,0.0,1.0,0.556,0.556,1.0,0.111,0.0,1.0,0.0,0.0,8.0,1.0,0.0,1.0
0.152,0.34,0.889,0.222,0.222,0.667,1.0,0.25,0.0,1.0,0.0,0.0,0.0,1.0,1.0,0.0,0.0
0.354,0.221,0.667,0.0,0.0,1.0,0.222,0.0,0.111,0.0,1.0,1.0,0.0,8.0,1.0,0.0,0.0
0.722,0.792,0.111,0.444,0.667,0.444,0.444,0.0,0.889,0.0,0.0,0.0,1.0,3.0,0.0,0.0,0.0
0.413,0.952,0.222,0.111,0.0,0.556,0.333,0.75,0.889,1.0,0.0,1.0,0.0,8.0,1.0,1.0,0.0
0.689,0.076,0.778,0.778,0.333,0.222,0.222,0.25,0.778,0.0,1.0,0.0,1.0,7.0,1.0,0.0,0.0
0.12,0.005,0.333,0.222,0.0,0.111,0.0,0.25,0.556,0.0,1.0,1.0,0.0,1.0,0.0,1.0,1.0
0.977,0.44,0.778,0.667,0.556,1.0,0.444,0.25,0.778,1.0,0.0,0.0,1.0,7.0,0.0,0.0,1.0
0.437,0.94,0.222,1.0,1.0,1.0,0.333,0.25,0.556,0.0,0.0,0.0,0.0,8.0,0.0,1.0,1.0
0.129,0.788,0.667,0.556,1.0,0.667,0.333,1.0,0.333,0.0,1.0,0.0,1.0,5.0,0.0,1.0,0.0
0.812,0.043,1.0,0.333,0.111,0.333,0.333,0.75,0.667,0.0,1.0,0.0,1.0,3.0,1.0,0.0,1.0
0.904,0.73,0.667,0.222,0.778,0.222,0.111,1.0,0.667,0.0,1.0,1.0,0.0,8.0,0.0,1.0,0.0
0.668,0.936,0.778,0.444,0.889,0.778,0.778,0.0,0.556,0.0,1.0,1.0,0.0,9.0,1.0,1.0,0.0
0.891,0.62,0.333,1.0,0.333,0.333,0.889,0.0,1.0,0.0,1.0,1.0,0.0,4.0,0.0,0.0,1.0
0.067,0.001,0.556,0.778,0.222,0.333,0.222,0.5,0.222,1.0,0.0,0.0,0.0,9.0,0.0,0.0,0.0
0.69,0.703,0.889,0.222,0.0,0.778,0.0,0.0,0.889,0.0,1.0,0.0,1.0,7.0,0.0,1.0,0.0
0.338,0.432,0.0,0.333,0.556,0.222,0.444,1.0,0.444,0.0,1.0,0.0,0.0,5.0,0.0,0.0,1.0
0.803,0.895,0.556,0.222,0.222,0.333,0.778,0.25,0.0,0.0,0.0,1.0,0.0,8.0,1.0,0.0,0.0
0.524,0.786,0.889,0.778,1.0,0.889,1.0,0.0,0.111,1.0,0.0,1.0,0.0,1.0,1.0,0.0,1.0
0.468,0.171,0.889,0.778,0.667,0.333,0.111,0.5,0.111,1.0,0.0,1.0,0.0,2.0,0.0,1.0,0.0
0.967,0.501,0.111,0.333,0.667,0.444,0.111,1.0,0.222,1.0,0.0,0.0,0.0,6.0,1.0,1.0,0.0
0.923,0.225,0.889,0.222,0.444,0.222,0.667,0.5,0.667,0.0,1.0,0.0,0.0,6.0,1.0,1.0,0.0
0.684,0.328,0.556,0.222,0.889,0.889,0.667,0.5,0.667,1.0,0.0,0.0,0.0,4.0,1.0,0.0,1.0
0.485,0.384,0.0,0.0,0.556,0.667,0.111,0.5,0.889,0.0,1.0,1.0,0.0,0.0,0.0,1.0,0.0
0.355,0.613,0.333,0.778,0.889,0.667,0.222,0.5,0.222,0.0,1.0,0.0,0.0,6.0,0.0,1.0,0.0
0.783,0.531,0.333,0.556,0.111,1.0,0.111,0.25,0.333,0.0,0.0,0.0,0.0,3.0,0.0,1.0,0.0
0.184,0.407,0.444,0.222,0.111,1.0,0.556,0.5,0.222,1.0,0.0,1.0,0.0,8.0,0.0,0.0,1.0
0.001,0.095,0.222,0.556,0.111,0.667,1.0,0.25,1.0,0.0,1.0,0.0,1.0,6.0,1.0,0.0,0.0
0.304,0.278,0.778,0.222,0.222,0.111,0.444,0.25,0.556,1.0,0.0,0.0,0.0,3.0,0.0,1.0,0.0
0.661,0.803,0.0,0.889,0.444,0.111,0.0,0.0,0.444,1.0,0.0,0.0,1.0,2.0,1.0,0.0,0.0
0.418,0.789,0.111,0.333,0.778,0.778,1.0,0.75,0.111,1.0,0.0,0.0,1.0,3.0,1.0,0.0,0.0
0.635,0.463,0.444,0.333,0.667,0.111,0.111,0.0,0.778,1.0,0.0,1.0,0.0,9.0,1.0,0.0,0.0
0.818,0.887,0.0,0.111,0.778,0.889,0.111,0.25,0.111,1.0,0.0,0.0,1.0,4.0,1.0,1.0,1.0
0.204,0.665,0.556,0.889,0.889,0.778,0.0,0.75,0.0,1.0,0.0,1.0,0.0,1.0,0.0,0.0,0.0
0.177,0.438,0.333,0.778,0.111,0.889,0.556,1.0,0.444,1.0,0.0,0.0,1.0,8.0,1.0,0.0,0.0
0.892,0.611,0.556,0.0,0.0,0.556,0.111,0.25,0.667,1.0,0.0,1.0,0.0,2.0,0.0,1.0,0.0
0.161,0.076,0.333,0.667,0.556,0.889,0.667,0.75,0.556,0.0,1.0,0.0,1.0,3.0,1.0,0.0,0.0
0.073,0.688,0.556,0.667,0.111,0.333,0.778,0.0,0.889,1.0,0.0,0.0,0.0,2.0,0.0,0.0,1.0
0.609,0.461,0.111,0.222,0.0,0.667,0.0,0.75,0.222,1.0,0.0,0.0,1.0,6.0,0.0,1.0,1.0
0.543,0.24,0.778,0.889,0.111,0.111,0.111,0.75,0.111,1.0,0.0,0.0,1.0,1.0,0.0,0.0,1.0
0.491,0.634,0.111,0.0,0.778,0.889,0.889,0.0,0.333,0.0,0.0,1.0,0.0,6.0,0.0,1.0,1.0
0.291,0.351,0.556,1.0,0.667,0.222,0.556,0.5,0.333,1.0,0.0,0.0,1.0,0.0,0.0,1.0,1.0
0.671,0.178,0.556,1.0,0.889,0.444,0.778,0.0,0.889,0.0,1.0,0.0,1.0,0.0,0.0,1.0,1.0
0.053,0.23,0.333,0.889,0.778,0.111,0.333,0.5,0.778,0.0,0.0,0.0,0.0,4.0,0.0,0.0,0.0
0.102,0.751,0.556,0.222,0.222,0.111,0.222,0.25,1.0,1.0,0.0,0.0,0.0,7.0,0.0,0.0,1.0
0.912,0.231,0.556,0.111,0.111,0.667,0.222,0.25,0.667,0.0,1.0,1.0,0.0,4.0,0.0,0.0,0.0
0.048,0.209,0.667,0.444,0.333,0.889,0.667,1.0,0.111,0.0,1.0,1.0,0.0,0.0,0.0,1.0,1.0
0.433,0.139,1.0,0.444,0.333,0.444,0.889,0.25,0.778,0.0,1.0,0.0,0.0,3.0,0.0,0.0,0.0
0.756,0.898,0.111,0.333,0.667,0.556,0.778,0.0,0.667,0.0,1.0,0.0,0.0,9.0,1.0,0.0,1.0
0.597,0.873,0.778,0.0,0.333,0.0,0.778,0.25,0.222,1.0,0.0,0.0,1.0,0.0,1.0,0.0,0.0
0.069,0.381,0.778,0.667,0.444,0.111,0.778,0.75,0.222,0.0,1.0,0.0,0.0,7.0,0.0,1.0,1.0
0.035,0.797,0.333,0.667,0.111,0.111,0.889,0.75,0.556,0.0,0.0,0.0,0.0,5.0,0.0,0.0,0.0
0.875,0.466,0.222,0.556,0.444,0.222,0.778,0.0,0.111,0.0,0.0,0.0,1.0,8.0,0.0,1.0,1.0
0.271,0.348,0.778,0.0,0.0,0.222,0.222,0.25,1.0,0.0,0.0,0.0,0.0,0.0,1.0,0.0,1.0
0.762,0.041,0.667,0.444,0.556,0.778,0.444,0.0,0.667,0.0,1.0,0.0,1.0,1.0,1.0,1.0,0.0
0.415,0.397,0.667,0.111,0.778,0.556,0.556,0.25,0.222,0.0,1.0,0.0,1.0,7.0,1.0,0.0,0.0
0.272,0.672,0.556,1.0,0.333,0.778,0.889,0.25,0.333,1.0,0.0,0.0,1.0,2.0,1.0,0.0,1.0
0.547,0.221,0.556,0.0,0.333,0.556,0.667,0.5,0.667,0.0,1.0,0.0,0.0,1.0,1.0,1.0,1.0
0.205,0.516,0.222,1.0,0.333,0.111,0.556,0.0,0.889,1.0,0.0,1.0,0.0,4.0,1.0,1.0,1.0
0.555,0.354,1.0,0.778,0.444,0.333,0.778,0.0,0.889,0.0,1.0,0.0,0.0,2.0,1.0,0.0,0.0
0.79,0.612,0.667,0.667,0.889,0.333,0.333,1.0,0.778,1.0,0.0,0.0,0.0,6.0,1.0,0.0,0.0
0.538,0.0,0.0,0.667,0.333,0.556,0.0,1.0,0.556,0.0,0.0,0.0,0.0,0.0,1.0,0.0,0.0
0.794,0.668,1.0,1.0,0.778,0.889,0.556,0.5,0.444,0.0,1.0,1.0,0.0,2.0,0.0,0.0,1.0
0.406,0.987,0.556,0.444,0.333,0.556,0.333,0.5,0.667,0.0,1.0,0.0,0.0,9.0,1.0,0.0,0.0
0.088,0.123,0.111,0.0,0.889,0.778,0.778,0.0,0.667,0.0,1.0,0.0,1.0,1.0,0.0,0.0,1.0
0.723,0.426,0.111,0.556,0.889,1.0,1.0,1.0,0.333,0.0,0.0,0.0,0.0,3.0,0.0,1.0,0.0
0.796,0.065,0.889,0.889,0.222,0.889,0.111,0.5,0.333,0.0,1.0,0.0,1.0,2.0,0.0,1.0,1.0
0.832,0.139,0.667,1.0,0.667,0.667,0.556,0.0,0.889,0.0,0.0,0.0,0.0,1.0,0.0,0.0,1.0
0.013,0.442,0.778,1.0,0.222,0.889,0.667,0.5,0.556,1.0,0.0,0.0,1.0,9.0,0.0,0.0,0.0
0.966,0.752,0.667,0.222,0.222,0.889,0.111,1.0,0.333,1.0,0.0,1.0,0.0,1.0,0.0,0.0,1.0
0.048,0.591,0.889,0.333,0.667,0.778,0.889,0.0,0.111,0.0,1.0,0.0,0.0,5.0,0.0,1.0,0.0
0.629,0.468,0.111,0.556,0.0,0.222,0.222,0.0,0.444,0.0,1.0,0.0,0.0,9.0,1.0,1.0,0.0
0.889,0.803,0.889,0.222,0.222,0.556,0.333,0.25,0.778,0.0,0.0,0.0,0.0,8.0,1.0,0.0,0.0
0.287,0.719,1.0,0.444,0.556,1.0,0.667,0.25,0.667,0.0,1.0,0.0,1.0,7.0,1.0,0.0,0.0
0.043,0.666,0.0,0.889,0.0,0.444,0.556,0.25,0.667,1.0,0.0,0.0,0.0,8.0,0.0,0.0,0.0
0.895,0.456,0.333,0.0,0.333,0.556,0.889,0.0,0.778,0.0,0.0,1.0,0.0,8.0,1.0,1.0,1.0
0.13,0.332,0.444,0.667,0.778,0.333,0.333,1.0,0.889,0.0,0.0,1.0,0.0,4.0,1.0,1.0,1.0
0.82,0.412,0.222,0.667,0.444,0.778,0.556,0.75,0.667,0.0,0.0,0.0,0.0,2.0,1.0,1.0,1.0
0.561,0.57,1.0,0.556,0.222,1.0,0.667,1.0,0.222,0.0,0.0,1.0,0.0,1.0,1.0,0.0,1.0
0.072,0.293,0.444,0.889,0.444,1.0,0.333,1.0,0.778,0.0,0.0,0.0,1.0,6.0,1.0,0.0,1.0
0.15,0.364,0.667,0.111,1.0,0.444,0.0,0.75,0.556,0.0,1.0,1.0,0.0,0.0,1.0,0.0,0.0
0.765,0.302,0.222,1.0,0.667,0.111,0.889,0.5,0.889,0.0,0.0,0.0,1.0,5.0,1.0,0.0,1.0
0.848,0.859,0.222,1.0,0.667,0.111,1.0,0.25,0.778,0.0,0.0,0.0,1.0,3.0,1.0,0.0,1.0
0.182,0.497,0.333,0.667,0.889,1.0,0.667,0.5,0.889,0.0,1.0,0.0,1.0,1.0,1.0,1.0,1.0
0.683,0.979,0.222,0.444,0.333,0.889,0.556,1.0,0.778,0.0,1.0,0.0,0.0,9.0,0.0,1.0,0.0
0.298,0.429,0.0,0.556,0.667,0.444,0.889,0.5,1.0,0.0,0.0,0.0,1.0,7.0,1.0,1.0,0.0
0.808,0.458,0.556,0.667,0.111,0.778,0.556,0.5,0.889,0.0,0.0,0.0,1.0,7.0,0.0,0.0,0.0
0.335,0.504,0.444,0.444,0.889,0.111,0.0,0.25,0.778,1.0,0.0,1.0,0.0,1.0,1.0,1.0,1.0
0.323,0.373,0.889,0.778,0.778,1.0,0.667,0.75,0.333,0.0,1.0,1.0,0.0,6.0,0.0,1.0,1.0
0.941,0.366,0.667,0.444,0.667,0.333,0.111,0.75,0.889,1.0,0.0,1.0,0.0,1.0,1.0,0.0,1.0
0.956,0.049,0.889,0.889,1.0,0.556,1.0,0.75,1.0,0.0,0.0,1.0,0.0,4.0,1.0,0.0,1.0
0.639,0.816,0.111,0.556,0.556,0.0,0.667,1.0,0.333,0.0,1.0,0.0,0.0,6.0,1.0,1.0,0.0
0.376,0.483,0.333,0.667,0.0,0.333,0.333,0.5,0.333,1.0,0.0,0.0,1.0,3.0,0.0,0.0,1.0
0.134,0.491,0.778,0.111,0.778,1.0,0.778,1.0,1.0,0.0,1.0,0.0,0.0,8.0,0.0,1.0,0.0
0.584,0.51,0.667,0.0,0.0,0.333,0.444,1.0,0.444,1.0,0.0,0.0,1.0,4.0,0.0,1.0,0.0
0.13,0.307,0.889,0.222,0.0,0.111,0.889,0.75,0.667,0.0,1.0,0.0,1.0,4.0,0.0,0.0,0.0
0.157,0.272,0.556,0.333,0.889,0.556,0.556,0.25,0.333,0.0,0.0,1.0,0.0,6.0,0.0,0.0,0.0
0.788,0.572,0.444,0.778,0.111,1.0,0.556,0.75,0.556,0.0,0.0,1.0,0.0,6.0,0.0,0.0,1.0
0.84,0.844,0.889,0.778,0.667,0.889,0.333,0.5,0.111,1.0,0.0,0.0,1.0,9.0,0.0,0.0,1.0
0.789,0.8,0.111,0.222,0.444,0.444,0.667,0.5,0.333,0.0,1.0,1.0,0.0,0.0,0.0,0.0,1.0
0.028,0.723,0.667,0.111,1.0,0.556,0.556,0.25,0.556,1.0,0.0,1.0,0.0,8.0,0.0,1.0,0.0
0.544,0.968,0.333,0.333,0.556,0.667,0.667,0.25,0.556,0.0,1.0,1.0,0.0,5.0,0.0,1.0,0.0
0.467,0.723,0.667,0.0,0.778,0.333,0.444,0.25,0.667,1.0,0.0,0.0,0.0,5.0,1.0,1.0,0.0
0.388,0.476,0.222,0.0,0.0,0.111,0.889,0.25,0.444,1.0,0.0,1.0,0.0,2.0,1.0,0.0,0.0
0.072,0.292,0.111,0.222,0.444,0.667,0.778,1.0,0.778,0.0,0.0,0.0,0.0,6.0,1.0,0.0,0.0
0.315,0.473,0.333,0.778,0.778,0.444,0.778,0.5,0.556,1.0,0.0,0.0,0.0,6.0,1.0,0.0,1.0
0.073,0.272,0.778,0.444,0.667,0.333,0.0,0.75,0.444,1.0,0.0,0.0,1.0,5.0,0.0,1.0,1.0
0.453,0.591,0.778,0.0,0.111,1.0,0.0,0.25,1.0,0.0,0.0,1.0,0.0,2.0,0.0,0.0,0.0
0.88,0.54,1.0,0.333,0.0,0.222,0.889,0.0,0.556,1.0,0.0,0.0,0.0,7.0,0.0,0.0,1.0
0.226,0.014,0.444,1.0,0.778,0.556,0.0,0.25,0.333,0.0,1.0,1.0,0.0,1.0,1.0,1.0,0.0
0.887,0.919,0.444,0.333,0.111,0.333,0.667,1.0,0.667,0.0,0.0,1.0,0.0,6.0,0.0,0.0,1.0
0.446,0.288,0.222,0.333,0.333,0.111,0.111,0.75,0.111,0.0,0.0,0.0,0.0,7.0,0.0,0.0,0.0
0.68,0.395,0.111,0.444,0.778,0.889,0.778,0.0,0.778,0.0,1.0,0.0,1.0,1.0,1.0,1.0,0.0
0.878,0.868,0.889,0.556,0.889,0.889,0.556,1.0,0.111,0.0,0.0,0.0,1.0,6.0,1.0,0.0,0.0
0.327,0.819,0.667,0.222,0.556,0.333,0.889,0.5,0.333,0.0,0.0,1.0,0.0,1.0,1.0,0.0,0.0
0.881,0.846,0.333,0.889,0.667,0.778,0.778,0.5,0.222,1.0,0.0,1.0,0.0,3.0,0.0,1.0,0.0
0.841,0.469,0.778,0.667,0.778,0.0,0.333,1.0,0.444,0.0,0.0,0.0,1.0,4.0,1.0,0.0,0.0
0.647,0.131,0.111,0.111,0.778,0.333,0.556,1.0,0.778,0.0,0.0,0.0,0.0,7.0,0.0,1.0,0.0
0.473,0.93,0.111,0.0,0.667,0.556,0.556,1.0,0.111,1.0,0.0,1.0,0.0,2.0,1.0,0.0,0.0
0.095,0.241,0.333,0.889,0.444,0.556,0.667,0.75,0.444,0.0,1.0,0.0,1.0,8.0,0.0,1.0,0.0
0.439,0.156,1.0,0.111,0.889,0.222,0.0,0.5,0.556,0.0,1.0,1.0,0.0,7.0,1.0,0.0,1.0
0.085,0.699,0.778,0.0,0.111,0.444,0.333,0.25,0.778,0.0,1.0,0.0,0.0,8.0,1.0,0.0,0.0
0.403,0.977,0.222,0.889,0.556,0.111,0.556,0.25,0.333,0.0,0.0,0.0,1.0,3.0,1.0,1.0,1.0
0.563,0.594,0.0,1.0,0.556,1.0,1.0,0.75,0.889,0.0,1.0,0.0,0.0,4.0,0.0,0.0,1.0
0.013,0.425,0.556,0.778,0.778,0.667,0.333,0.25,0.556,0.0,0.0,0.0,1.0,9.0,1.0,0.0,1.0
0.679,0.886,0.556,0.556,0.333,1.0,0.111,0.75,0.333,0.0,0.0,0.0,0.0,1.0,1.0,0.0,0.0
0.617,0.422,0.889,0.444,0.222,0.556,0.667,1.0,0.444,1.0,0.0,0.0,1.0,1.0,1.0,1.0,0.0
0.412,0.788,0.556,0.444,0.0,0.111,0.0,0.0,0.667,0.0,0.0,1.0,0.0,8.0,1.0,1.0,0.0
0.261,0.293,0.222,0.778,0.222,0.111,0.444,0.75,1.0,0.0,0.0,0.0,1.0,2.0,1.0,1.0,0.0
0.774,0.656,0.556,0.556,0.333,1.0,0.667,1.0,0.0,0.0,1.0,1.0,0.0,5.0,0.0,1.0,1.0
0.594,0.407,0.222,0.667,0.222,0.333,0.667,0.5,0.222,0.0,0.0,0.0,0.0,9.0,0.0,1.0,1.0
0.002,0.579,0.0,0.222,0.778,0.0,0.889,1.0,0.333,0.0,0.0,0.0,0.0,5.0,1.0,0.0,0.0
0.846,0.756,0.111,0.111,0.111,0.333,0.444,0.75,0.667,1.0,0.0,0.0,0.0,7.0,0.0,0.0,0.0
0.508,0.596,0.444,0.889,0.222,0.0,0.667,0.25,0.556,0.0,0.0,0.0,0.0,5.0,1.0,1.0,1.0
0.154,0.707,0.222,0.111,0.333,0.444,0.556,0.0,0.667,0.0,1.0,0.0,0.0,4.0,1.0,1.0,1.0
0.297,0.25,0.111,0.778,0.778,0.222,0.222,0.25,0.0,1.0,0.0,1.0,0.0,5.0,1.0,1.0,0.0
0.437,0.132,0.333,0.556,0.222,0.667,0.444,0.75,0.889,0.0,0.0,0.0,0.0,3.0,1.0,1.0,1.0
0.122,0.982,0.667,0.222,0.111,0.444,0.444,0.75,0.444,0.0,1.0,0.0,0.0,4.0,0.0,1.0,1.0
0.565,0.755,0.667,0.556,0.0,0.111,0.0,1.0,0.667,0.0,1.0,0.0,1.0,2.0,1.0,1.0,1.0
0.359,0.858,0.667,0.111,0.667,0.778,0.0,0.5,0.0,0.0,1.0,0.0,1.0,0.0,1.0,0.0,0.0
0.313,0.103,0.667,0.556,0.222,0.111,0.556,0.75,1.0,0.0,1.0,0.0,0.0,9.0,1.0,0.0,1.0
0.822,0.913,0.667,0.0,0.778,0.667,0.333,0.25,0.444,0.0,1.0,0.0,1.0,6.0,0.0,1.0,1.0
0.431,0.44,0.889,1.0,1.0,0.0,0.444,1.0,0.889,1.0,0.0,1.0,0.0,3.0,0.0,0.0,0.0
0.768,0.827,0.667,0.444,0.0,0.667,0.556,0.5,0.444,0.0,1.0,0.0,1.0,6.0,0.0,0.0,0.0
0.83,0.021,0.222,0.0,0.111,0.333,0.667,0.25,0.222,0.0,1.0,0.0,1.0,3.0,0.0,1.0,1.0
0.86,0.216,0.333,0.333,0.0,0.111,0.778,0.0,0.778,0.0,0.0,0.0,0.0,0.0,0.0,0.0,1.0
0.767,0.042,0.222,0.333,0.111,0.222,0.222,0.0,0.556,1.0,0.0,0.0,0.0,0.0,1.0,0.0,0.0
0.703,0.789,0.222,0.667,0.778,0.111,0.222,0.25,0.778,1.0,0.0,0.0,0.0,1.0,1.0,1.0,1.0
0.776,0.65,0.889,0.889,0.111,0.111,0.444,0.5,0.889,0.0,0.0,0.0,0.0,6.0,0.0,1.0,1.0
0.232,0.744,1.0,0.667,0.333,0.222,1.0,0.0,0.333,1.0,0.0,1.0,0.0,9.0,1.0,0.0,0.0
0.898,0.288,0.0,0.222,0.222,0.778,0.333,0.25,0.778,1.0,0.0,0.0,1.0,4.0,1.0,1.0,1.0
0.253,0.2,0.333,0.111,0.889,0.889,0.778,0.75,0.556,0.0,1.0,0.0,0.0,3.0,1.0,0.0,1.0
0.74,0.596,0.778,0.0,0.778,0.778,0.222,0.25,0.333,0.0,1.0,1.0,0.0,1.0,1.0,1.0,1.0
0.846,0.581,0.889,0.556,0.778,0.889,0.333,1.0,0.556,0.0,0.0,1.0,0.0,3.0,0.0,0.0,0.0
0.456,0.688,0.667,0.444,0.0,1.0,0.0,0.75,0.556,0.0,0.0,0.0,1.0,6.0,0.0,1.0,1.0
0.318,0.928,0.333,0.889,0.444,0.778,0.333,0.75,0.778,1.0,0.0,0.0,1.0,2.0,1.0,1.0,1.0
0.905,0.488,0.222,0.0,0.556,1.0,0.667,0.25,0.333,1.0,0.0,1.0,0.0,3.0,1.0,1.0,0.0
0.711,0.22,0.556,1.0,0.556,0.556,0.444,0.75,0.889,0.0,0.0,0.0,0.0,7.0,1.0,1.0,1.0
0.491,0.928,0.778,1.0,0.0,0.0,0.667,0.0,0.333,0.0,1.0,0.0,1.0,5.0,1.0,1.0,0.0
0.409,0.191,0.444,0.778,0.333,0.778,0.778,0.75,0.889,1.0,0.0,0.0,1.0,3.0,0.0,0.0,0.0
0.252,0.858,0.667,1.0,0.778,0.111,0.667,0.25,0.778,0.0,1.0,1.0,0.0,0.0,1.0,0.0,0.0
0.809,0.936,1.0,0.0,0.444,0.111,0.0,0.0,0.0,1.0,0.0,0.0,0.0,5.0,0.0,1.0,1.0
0.945,0.582,0.333,0.778,0.333,0.667,0.667,0.25,0.778,1.0,0.0,0.0,1.0,5.0,0.0,1.0,1.0
0.314,0.818,0.222,0.778,0.556,0.889,0.778,0.25,0.444,0.0,1.0,1.0,0.0,3.0,1.0,0.0,1.0
0.277,0.444,0.0,0.444,0.667,0.778,0.889,0.5,0.333,0.0,1.0,0.0,0.0,4.0,0.0,0.0,1.0
0.425,0.511,0.0,0.778,0.111,0.222,0.111,0.25,0.778,0.0,0.0,0.0,0.0,1.0,1.0,1.0,1.0
0.177,0.681,0.444,1.0,0.889,0.0,0.889,0.25,0.222,0.0,1.0,0.0,0.0,9.0,0.0,1.0,1.0
0.767,0.429,0.111,0.333,0.333,0.444,0.889,0.0,0.222,0.0,0.0,1.0,0.0,6.0,1.0,1.0,1.0
0.785,0.166,0.667,0.0,0.667,1.0,0.667,0.0,0.556,0.0,1.0,0.0,1.0,7.0,1.0,0.0,0.0
0.851,0.766,0.333,0.889,0.667,0.222,0.667,0.25,0.111,0.0,1.0,0.0,0.0,4.0,0.0,1.0,0.0
0.971,0.635,1.0,0.0,0.556,0.778,0.667,1.0,0.778,0.0,1.0,1.0,0.0,4.0,0.0,0.0,1.0
0.225,0.7,1.0,0.111,0.222,0.222,0.556,1.0,0.667,0.0,0.0,0.0,0.0,7.0,0.0,1.0,0.0
0.277,0.138,0.778,0.444,0.778,0.889,0.333,0.5,0.889,0.0,1.0,0.0,0.0,9.0,0.0,1.0,1.0
0.656,0.683,1.0,1.0,0.111,0.778,0.778,0.75,1.0,1.0,0.0,0.0,0.0,3.0,1.0,0.0,0.0
0.938,0.369,0.222,0.222,0.778,0.222,0.889,0.25,1.0,0.0,1.0,0.0,0.0,0.0,0.0,0.0,1.0
0.826,0.841,1.0,0.333,0.333,0.667,0.0,0.75,0.889,0.0,0.0,1.0,0.0,4.0,0.0,0.0,1.0
0.725,0.757,0.667,0.778,0.556,0.778,0.556,1.0,1.0,1.0,0.0,0.0,1.0,3.0,0.0,0.0,0.0
0.715,0.103,0.556,0.222,0.111,0.556,0.556,1.0,0.778,0.0,0.0,0.0,1.0,8.0,1.0,1.0,0.0
0.089,0.14,0.222,0.111,0.778,0.778,1.0,0.5,0.778,1.0,0.0,0.0,0.0,4.0,1.0,1.0,0.0
0.034,0.322,0.222,0.556,0.778,0.556,1.0,0.25,0.222,0.0,0.0,0.0,1.0,7.0,0.0,1.0,0.0
0.19,0.1,0.667,1.0,0.333,0.667,0.556,0.25,1.0,1.0,0.0,0.0,1.0,1.0,0.0,0.0,1.0
0.239,0.2,0.556,0.556,0.667,0.889,0.667,0.75,0.111,1.0,0.0,1.0,0.0,0.0,0.0,0.0,1.0
0.291,0.339,0.222,0.333,0.222,0.444,0.333,0.0,0.778,0.0,1.0,0.0,0.0,7.0,0.0,0.0,0.0
0.523,0.107,0.556,0.444,0.778,0.0,0.333,0.0,0.0,1.0,0.0,1.0,0.0,5.0,1.0,0.0,1.0
0.88,0.8,0.444,0.778,0.556,0.556,0.111,0.75,0.222,0.0,0.0,0.0,1.0,3.0,0.0,0.0,0.0
0.172,0.452,0.0,0.667,0.889,0.333,0.889,0.25,0.667,0.0,0.0,0.0,0.0,4.0,1.0,1.0,1.0
0.618,0.079,0.778,0.889,0.0,0.556,0.778,0.25,0.778,0.0,1.0,0.0,0.0,5.0,0.0,1.0,1.0
0.321,0.353,0.667,0.889,0.0,1.0,0.667,1.0,0.0,0.0,0.0,0.0,1.0,0.0,0.0,1.0,0.0
0.184,0.271,0.778,0.778,0.889,1.0,0.333,0.75,0.889,0.0,1.0,1.0,0.0,8.0,1.0,1.0,0.0
0.545,0.602,0.556,0.0,0.778,0.222,0.556,0.75,0.667,0.0,1.0,0.0,1.0,7.0,0.0,1.0,1.0
0.38,0.659,0.0,0.333,0.444,0.889,0.0,1.0,0.333,1.0,0.0,0.0,1.0,4.0,0.0,0.0,0.0
0.682,0.498,0.222,0.0,0.778,0.556,0.0,0.0,0.111,0.0,1.0,1.0,0.0,6.0,0.0,1.0,0.0
0.264,0.969,0.444,1.0,1.0,0.667,0.667,0.0,0.333,1.0,0.0,0.0,0.0,4.0,0.0,1.0,1.0
0.25,0.357,0.111,0.333,0.333,0.889,0.444,0.25,0.222,1.0,0.0,0.0,1.0,6.0,0.0,1.0,0.0
0.324,0.92,0.444,0.111,0.0,0.889,0.111,1.0,0.0,0.0,1.0,0.0,1.0,3.0,0.0,0.0,0.0
0.612,0.75,0.667,0.111,0.111,0.0,0.111,0.25,0.0,0.0,0.0,0.0,0.0,4.0,1.0,1.0,1.0
0.23,0.763,0.0,0.444,0.667,0.556,0.333,0.25,0.889,0.0,0.0,0.0,0.0,6.0,0.0,1.0,0.0
0.561,0.937,0.889,0.222,0.778,1.0,1.0,0.25,0.222,0.0,0.0,0.0,0.0,3.0,1.0,0.0,0.0
0.968,0.49,0.333,0.222,0.889,0.778,0.444,0.25,1.0,0.0,1.0,0.0,1.0,1.0,1.0,1.0,1.0
0.769,0.307,1.0,0.222,1.0,0.0,0.889,0.5,1.0,0.0,0.0,0.0,1.0,0.0,1.0,1.0,0.0
0.78,0.603,1.0,0.0,0.889,1.0,0.667,0.5,0.0,1.0,0.0,0.0,0.0,9.0,0.0,0.0,1.0
0.232,0.613,0.333,1.0,0.667,0.667,0.778,0.0,1.0,0.0,0.0,0.0,0.0,5.0,0.0,1.0,0.0
0.366,0.697,0.444,0.111,0.889,0.667,0.778,0.75,0.667,0.0,1.0,0.0,0.0,6.0,0.0,0.0,0.0
0.58,0.31,0.778,1.0,1.0,0.778,0.444,0.25,0.556,0.0,0.0,1.0,0.0,3.0,1.0,0.0,0.0
0.74,0.822,0.667,0.333,0.111,0.889,1.0,1.0,1.0,0.0,1.0,0.0,1.0,6.0,0.0,0.0,0.0
0.168,0.05,0.889,0.778,0.222,0.778,0.0,0.25,0.667,0.0,1.0,0.0,1.0,2.0,1.0,0.0,0.0
0.315,0.743,0.889,0.444,1.0,0.222,0.556,0.25,0.222,0.0,1.0,0.0,0.0,1.0,0.0,1.0,1.0
0.316,0.031,0.222,0.667,0.111,0.889,0.0,0.5,0.333,0.0,0.0,0.0,1.0,3.0,1.0,1.0,0.0
0.857,0.861,0.778,0.333,0.667,0.667,1.0,0.0,0.667,0.0,0.0,0.0,1.0,9.0,0.0,0.0,1.0
0.449,0.011,0.889,0.556,0.778,0.111,0.444,0.0,0.889,0.0,0.0,0.0,0.0,5.0,0.0,0.0,0.0
0.265,0.319,0.333,0.444,0.667,0.0,0.556,0.0,0.889,0.0,1.0,0.0,0.0,8.0,0.0,0.0,0.0
0.74,0.801,0.0,0.333,0.0,0.778,0.889,0.5,0.778,0.0,1.0,1.0,0.0,4.0,0.0,0.0,1.0
0.873,0.487,0.222,0.111,0.333,0.0,0.0,0.5,0.0,0.0,1.0,1.0,0.0,3.0,0.0,1.0,0.0
0.683,0.731,0.889,0.667,0.556,0.889,0.667,1.0,0.0,1.0,0.0,1.0,0.0,3.0,1.0,1.0,1.0
0.818,0.579,0.111,0.444,0.333,0.778,0.556,0.25,0.222,0.0,1.0,1.0,0.0,2.0,1.0,0.0,0.0
0.183,0.947,0.556,0.667,0.889,0.889,0.0,0.0,0.778,1.0,0.0,0.0,1.0,2.0,0.0,1.0,0.0
0.7,0.306,0.222,0.111,0.556,0.556,0.889,1.0,0.778,0.0,1.0,1.0,0.0,9.0,0.0,1.0,1.0
0.813,0.091,0.778,0.556,1.0,0.222,0.556,0.25,0.889,1.0,0.0,0.0,1.0,4.0,1.0,0.0,1.0
0.31,0.873,0.556,0.889,0.222,0.444,0.778,0.0,1.0,0.0,0.0,0.0,0.0,2.0,1.0,0.0,1.0
0.268,0.871,0.0,0.556,1.0,0.333,0.778,0.75,0.889,0.0,0.0,0.0,0.0,1.0,0.0,0.0,1.0
0.692,0.106,0.333,0.667,0.778,1.0,0.333,0.0,0.667,0.0,1.0,0.0,1.0,9.0,1.0,1.0,1.0
0.659,0.681,0.556,0.0,0.333,0.778,1.0,0.0,0.778,0.0,1.0,0.0,0.0,9.0,1.0,1.0,1.0
0.776,0.433,0.889,0.778,0.667,0.778,0.111,0.0,0.778,1.0,0.0,1.0,0.0,8.0,0.0,0.0,0.0
0.413,0.733,0.444,0.222,0.778,1.0,0.556,0.75,0.111,1.0,0.0,1.0,0.0,1.0,0.0,1.0,1.0
0.281,0.456,0.667,0.889,0.333,1.0,0.889,0.0,0.889,0.0,1.0,1.0,0.0,1.0,0.0,0.0,0.0
0.999,0.425,0.222,0.778,0.333,0.333,0.0,0.25,0.778,0.0,0.0,0.0,0.0,2.0,1.0,1.0,0.0
0.676,0.632,0.667,0.778,0.889,0.667,0.0,1.0,0.889,0.0,0.0,0.0,0.0,8.0,0.0,0.0,1.0
0.912,0.601,0.778,0.667,0.0,1.0,0.111,0.75,0.444,1.0,0.0,1.0,0.0,5.0,1.0,1.0,0.0
0.613,0.155,0.667,1.0,0.0,0.444,0.667,0.25,0.556,0.0,1.0,1.0,0.0,4.0,1.0,0.0,1.0
0.04,0.398,1.0,0.333,0.111,0.556,0.889,0.25,1.0,1.0,0.0,1.0,0.0,1.0,0.0,1.0,0.0
0.291,0.952,1.0,0.0,0.0,0.0,0.222,0.25,0.667,1.0,0.0,0.0,0.0,9.0,1.0,1.0,1.0
0.452,0.037,0.889,0.778,0.0,0.889,0.667,0.25,0.333,0.0,1.0,0.0,0.0,3.0,1.0,0.0,0.0
0.965,0.49,1.0,0.889,0.111,0.778,0.889,1.0,0.556,0.0,1.0,0.0,0.0,4.0,1.0,1.0,1.0
0.89,0.267,0.333,0.556,0.667,0.0,0.0,0.25,0.111,0.0,0.0,0.0,0.0,4.0,0.0,1.0,1.0
0.052,0.707,0.889,0.333,0.111,0.222,0.0,1.0,0.0,0.0,1.0,1.0,0.0,1.0,1.0,1.0,1.0
0.539,0.458,0.444,0.444,0.222,0.889,0.333,0.0,0.444,0.0,1.0,1.0,0.0,7.0,0.0,0.0,1.0
0.905,0.923,0.222,0.778,1.0,0.667,0.556,1.0,0.667,1.0,0.0,0.0,1.0,0.0,0.0,1.0,1.0
0.522,0.649,0.333,0.222,0.556,0.333,0.556,0.25,0.444,0.0,0.0,0.0,0.0,2.0,0.0,0.0,0.0
0.4,0.947,0.222,0.889,0.0,0.889,0.333,0.75,0.778,0.0,1.0,0.0,0.0,9.0,0.0,0.0,1.0
0.249,0.863,0.778,0.556,0.222,1.0,0.778,0.25,0.556,0.0,0.0,0.0,1.0,0.0,1.0,1.0,0.0
0.659,0.635,0.778,0.0,0.111,0.333,0.222,0.0,0.667,1.0,0.0,1.0,0.0,5.0,0.0,0.0,1.0
0.625,0.275,0.0,0.222,0.889,0.667,0.667,0.75,0.667,0.0,0.0,0.0,1.0,9.0,0.0,1.0,1.0
0.365,0.892,0.889,0.556,0.667,0.778,0.667,0.75,0.556,1.0,0.0,0.0,0.0,6.0,0.0,1.0,1.0
0.316,0.783,0.333,0.111,0.444,0.333,0.444,0.25,0.0,1.0,0.0,0.0,0.0,8.0,0.0,0.0,1.0
0.788,0.728,0.778,0.0,0.889,0.778,0.444,0.5,0.667,0.0,1.0,0.0,1.0,5.0,1.0,0.0,1.0
0.456,0.434,0.111,0.778,0.222,0.778,0.222,0.0,0.556,0.0,0.0,0.0,1.0,7.0,1.0,0.0,1.0
0.337,0.68,0.333,0.111,1.0,0.556,1.0,0.0,1.0,0.0,1.0,0.0,1.0,8.0,1.0,1.0,0.0
0.4,0.599,1.0,1.0,0.667,0.222,0.333,0.75,0.222,1.0,0.0,0.0,0.0,8.0,1.0,0.0,0.0
0.044,0.057,0.556,0.0,0.333,1.0,0.333,0.0,0.111,1.0,0.0,0.0,1.0,0.0,1.0,0.0,0.0
0.866,0.903,1.0,0.889,0.778,0.778,0.333,0.75,0.111,0.0,0.0,1.0,0.0,5.0,1.0,0.0,1.0
0.071,0.278,0.667,0.667,0.889,0.333,0.0,0.75,0.0,0.0,1.0,0.0,0.0,2.0,0.0,1.0,1.0
0.864,0.278,0.778,0.0,0.556,0.667,0.778,1.0,1.0,1.0,0.0,0.0,1.0,7.0,0.0,1.0,0.0
0.575,0.691,0.667,0.556,0.667,0.444,0.667,0.25,0.778,0.0,0.0,0.0,1.0,7.0,1.0,0.0,1.0
0.311,0.478,0.778,0.778,0.889,0.889,0.667,1.0,0.667,0.0,0.0,0.0,0.0,0.0,0.0,1.0,1.0
0.424,0.801,0.667,0.222,0.778,0.778,0.111,1.0,0.222,0.0,1.0,0.0,0.0,9.0,1.0,1.0,0.0
0.542,0.42,0.444,0.0,1.0,0.556,0.556,1.0,0.778,0.0,0.0,0.0,1.0,7.0,0.0,0.0,0.0
0.228,0.111,0.222,0.111,0.889,0.111,0.778,1.0,0.111,0.0,1.0,1.0,0.0,8.0,1.0,0.0,0.0
0.341,0.218,0.556,0.111,0.667,0.667,0.111,0.25,0.111,0.0,0.0,1.0,0.0,6.0,0.0,0.0,0.0
0.861,0.822,0.667,1.0,0.778,0.222,0.0,1.0,0.889,0.0,1.0,1.0,0.0,2.0,1.0,1.0,1.0
0.45,0.249,0.0,1.0,1.0,0.889,0.889,0.5,0.889,1.0,0.0,0.0,0.0,5.0,0.0,1.0,1.0
0.688,0.167,0.333,0.444,0.444,0.222,0.889,0.0,0.667,0.0,1.0,0.0,1.0,4.0,0.0,1.0,0.0
0.143,0.787,0.444,0.667,1.0,0.111,0.556,1.0,0.111,0.0,0.0,0.0,1.0,4.0,1.0,0.0,1.0
0.174,0.427,0.667,0.889,0.556,0.667,0.333,0.75,0.333,0.0,1.0,0.0,0.0,2.0,0.0,1.0,1.0
0.433,0.549,0.222,0.444,0.0,0.667,1.0,0.25,0.889,1.0,0.0,0.0,0.0,6.0,0.0,1.0,0.0
0.16,0.202,0.667,0.778,0.889,0.556,0.667,0.0,0.111,0.0,0.0,0.0,0.0,8.0,0.0,1.0,1.0
0.985,0.519,0.111,0.0,0.222,0.667,0.778,1.0,0.444,0.0,0.0,0.0,0.0,7.0,1.0,0.0,0.0
0.678,0.107,1.0,0.667,0.222,0.778,0.0,1.0,1.0,1.0,0.0,0.0,1.0,9.0,1.0,1.0,0.0
0.211,0.236,0.556,0.222,0.222,0.0,0.444,0.5,0.778,0.0,1.0,0.0,0.0,8.0,1.0,0.0,0.0
0.717,0.229,0.222,0.222,0.222,0.0,0.667,0.5,0.667,0.0,1.0,0.0,1.0,2.0,0.0,0.0,0.0
0.228,0.943,1.0,0.667,0.444,0.333,0.778,0.75,0.444,1.0,0.0,1.0,0.0,7.0,0.0,1.0,0.0
0.905,0.202,0.111,0.556,0.444,1.0,0.0,0.5,0.556,0.0,1.0,1.0,0.0,7.0,1.0,0.0,0.0
0.825,0.629,0.778,0.333,0.778,0.222,0.556,0.75,0.444,1.0,0.0,0.0,0.0,6.0,1.0,0.0,1.0
0.105,0.472,0.667,0.778,0.444,0.111,0.889,0.5,0.222,1.0,0.0,0.0,1.0,3.0,1.0,0.0,1.0
0.525,0.506,0.444,1.0,0.333,0.778,0.778,1.0,0.778,0.0,1.0,1.0,0.0,9.0,1.0,0.0,1.0
0.218,0.277,0.889,0.0,0.667,0.333,0.556,0.75,1.0,1.0,0.0,0.0,0.0,7.0,0.0,1.0,0.0
0.208,0.133,0.0,0.444,0.333,0.111,0.778,0.25,0.889,0.0,0.0,1.0,0.0,3.0,1.0,1.0,1.0
0.307,0.219,0.333,0.444,1.0,0.667,0.0,0.5,0.556,0.0,1.0,0.0,0.0,4.0,0.0,0.0,1.0
0.604,0.195,0.222,0.778,0.889,0.889,0.778,0.5,0.556,0.0,1.0,0.0,1.0,5.0,1.0,1.0,1.0
0.476,0.32,0.222,0.556,0.889,0.444,0.889,0.75,0.889,1.0,0.0,1.0,0.0,8.0,1.0,1.0,0.0
0.493,0.605,0.667,0.556,0.222,0.0,0.222,0.75,0.556,1.0,0.0,0.0,0.0,4.0,1.0,1.0,0.0
0.382,0.429,0.222,0.222,0.556,0.778,0.889,0.0,0.889,1.0,0.0,1.0,0.0,4.0,0.0,1.0,0.0
0.674,0.946,0.667,0.444,0.667,1.0,0.667,0.75,0.444,0.0,0.0,1.0,0.0,0.0,1.0,1.0,0.0
0.941,0.205,0.222,0.889,0.333,0.556,0.556,1.0,1.0,1.0,0.0,0.0,1.0,8.0,1.0,0.0,0.0
0.483,0.067,1.0,0.667,0.667,0.667,0.333,0.75,0.333,0.0,1.0,0.0,0.0,6.0,1.0,1.0,0.0
0.65,0.183,0.444,0.333,0.556,0.0,1.0,1.0,0.667,0.0,0.0,0.0,1.0,1.0,1.0,0.0,1.0
0.146,0.011,0.778,0.444,0.111,0.0,0.333,0.5,0.444,1.0,0.0,1.0,0.0,4.0,0.0,1.0,0.0
0.144,0.222,0.111,0.889,0.778,0.667,0.667,0.75,0.444,0.0,0.0,0.0,0.0,4.0,1.0,1.0,1.0
0.201,0.301,0.111,0.222,0.889,0.111,0.333,0.0,0.444,1.0,0.0,0.0,0.0,1.0,0.0,1.0,1.0
0.315,0.209,0.222,0.667,1.0,0.444,0.556,0.25,0.111,1.0,0.0,0.0,0.0,9.0,1.0,0.0,0.0
0.121,0.803,0.667,0.333,0.111,0.222,0.889,0.5,0.778,1.0,0.0,0.0,0.0,8.0,0.0,0.0,1.0
0.615,0.374,0.0,0.556,0.333,0.889,0.333,0.0,1.0,0.0,1.0,1.0,0.0,0.0,1.0,0.0,0.0
0.578,0.979,0.444,0.778,0.0,0.333,1.0,0.5,0.556,1.0,0.0,1.0,0.0,1.0,1.0,0.0,0.0
0.5,0.504,1.0,0.111,0.222,0.111,0.333,0.75,0.222,0.0,0.0,0.0,1.0,0.0,0.0,1.0,0.0
0.956,0.202,0.0,0.889,0.667,0.667,0.333,0.0,0.889,0.0,1.0,1.0,0.0,4.0,1.0,1.0,0.0
0.623,0.168,0.889,0.444,0.333,1.0,1.0,0.25,0.667,0.0,1.0,1.0,0.0,5.0,1.0,0.0,0.0
0.712,0.535,0.444,0.778,0.0,0.111,0.778,1.0,0.111,0.0,1.0,0.0,0.0,7.0,0.0,0.0,0.0
0.349,0.953,0.889,0.889,0.111,1.0,0.778,1.0,0.778,1.0,0.0,1.0,0.0,3.0,1.0,0.0,0.0
0.901,0.081,0.889,0.222,0.333,0.889,0.778,1.0,0.0,0.0,0.0,1.0,0.0,3.0,0.0,0.0,0.0
0.475,0.804,0.556,0.667,0.556,0.111,0.556,0.5,0.0,0.0,1.0,0.0,0.0,5.0,0.0,0.0,0.0
0.851,0.434,0.222,0.778,1.0,0.889,0.111,0.0,0.0,0.0,1.0,0.0,1.0,5.0,1.0,1.0,0.0
0.031,0.814,0.222,0.778,0.889,0.778,0.667,0.0,0.444,0.0,1.0,1.0,0.0,4.0,1.0,1.0,1.0
0.596,0.706,0.222,0.222,0.333,0.111,0.222,0.0,0.889,0.0,1.0,1.0,0.0,5.0,0.0,0.0,1.0
0.405,0.899,0.889,1.0,0.222,0.222,0.778,0.75,0.111,0.0,1.0,0.0,1.0,0.0,1.0,0.0,0.0
0.331,0.039,0.0,0.333,0.778,0.667,0.333,0.25,0.222,0.0,0.0,0.0,0.0,3.0,0.0,0.0,0.0
0.928,0.362,0.889,0.333,1.0,0.778,0.222,0.75,0.0,0.0,1.0,1.0,0.0,5.0,0.0,1.0,1.0
0.24,0.944,0.556,0.0,0.0,0.333,0.667,0.0,1.0,1.0,0.0,0.0,0.0,9.0,1.0,0.0,0.0
0.798,0.915,0.667,0.778,0.0,0.444,0.889,0.25,0.889,0.0,1.0,1.0,0.0,0.0,0.0,0.0,1.0
0.933,0.105,0.667,0.556,0.889,0.333,0.222,0.75,0.556,0.0,0.0,0.0,0.0,2.0,1.0,1.0,1.0
0.373,0.067,0.333,0.0,1.0,0.667,0.111,0.5,0.333,0.0,1.0,1.0,0.0,9.0,0.0,1.0,0.0
0.06,0.068,0.0,0.889,0.333,0.222,0.667,0.5,0.556,0.0,1.0,1.0,0.0,8.0,1.0,0.0,0.0
0.118,0.366,0.333,0.0,0.111,0.667,0.667,0.25,0.556,0.0,0.0,0.0,1.0,2.0,0.0,0.0,0.0
0.283,0.948,0.333,0.778,0.556,0.444,0.667,0.5,0.111,1.0,0.0,1.0,0.0,8.0,0.0,0.0,0.0
0.916,0.349,0.556,0.778,0.333,0.444,1.0,0.0,0.889,0.0,1.0,0.0,0.0,8.0,0.0,0.0,0.0
0.214,0.915,0.0,0.222,0.0,0.667,0.0,0.25,0.111,0.0,0.0,0.0,0.0,9.0,0.0,1.0,0.0
0.584,0.934,1.0,0.667,0.111,0.889,0.333,0.5,0.444,0.0,0.0,1.0,0.0,8.0,1.0,1.0,0.0
0.313,0.515,0.889,0.222,0.333,0.444,1.0,0.0,0.778,1.0,0.0,1.0,0.0,8.0,0.0,1.0,0.0
0.155,0.782,0.556,0.0,0.889,0.0,0.778,0.0,0.778,1.0,0.0,0.0,1.0,6.0,0.0,1.0,1.0
0.686,0.051,0.222,0.111,0.889,0.222,0.111,0.25,0.444,0.0,1.0,1.0,0.0,1.0,0.0,0.0,0.0
0.189,0.373,0.333,0.667,0.333,1.0,0.556,0.5,0.778,0.0,0.0,0.0,1.0,8.0,1.0,0.0,0.0
0.99,0.446,0.556,0.0,0.222,1.0,0.778,0.25,0.889,0.0,0.0,1.0,0.0,3.0,1.0,0.0,0.0
0.655,0.046,1.0,0.889,0.889,1.0,1.0,0.25,0.667,1.0,0.0,0.0,1.0,1.0,1.0,1.0,0.0
0.189,0.439,0.444,0.556,0.333,1.0,0.778,0.75,0.333,1.0,0.0,0.0,1.0,7.0,1.0,0.0,0.0
0.018,0.901,0.333,1.0,0.111,0.667,0.556,0.25,1.0,0.0,1.0,0.0,0.0,9.0,0.0,1.0,1.0
0.591,0.433,0.0,0.667,0.667,0.778,0.667,0.25,0.222,0.0,0.0,0.0,0.0,0.0,1.0,1.0,0.0
0.666,0.361,0.222,0.667,0.556,0.556,0.889,0.0,0.222,0.0,1.0,0.0,1.0,8.0,0.0,1.0,1.0
0.442,0.225,0.111,0.0,0.889,0.0,0.556,0.25,0.778,0.0,0.0,0.0,0.0,6.0,0.0,0.0,0.0
0.297,0.732,0.333,0.556,0.667,0.667,0.111,0.0,0.222,1.0,0.0,1.0,0.0,5.0,1.0,1.0,1.0
0.24,0.906,0.556,0.667,0.111,0.333,0.222,0.0,1.0,1.0,0.0,1.0,0.0,9.0,1.0,0.0,1.0
0.603,0.374,0.667,0.333,0.556,0.333,1.0,0.25,0.556,1.0,0.0,0.0,1.0,0.0,0.0,1.0,0.0
0.186,0.133,0.556,0.667,0.0,0.556,0.0,0.0,0.333,0.0,0.0,0.0,0.0,4.0,1.0,0.0,0.0
0.99,0.848,0.111,0.778,0.889,0.333,0.444,0.0,0.667,0.0,1.0,0.0,0.0,1.0,1.0,1.0,0.0
0.62,0.208,0.444,0.0,0.444,0.333,0.889,0.75,0.0,1.0,0.0,0.0,1.0,3.0,0.0,0.0,0.0
0.607,0.374,0.333,0.778,0.111,0.444,0.444,0.5,0.556,0.0,1.0,0.0,1.0,8.0,1.0,1.0,0.0
0.271,0.334,0.333,0.0,0.222,0.889,0.778,1.0,0.889,0.0,0.0,0.0,1.0,6.0,1.0,1.0,1.0
0.944,0.533,0.0,0.556,0.222,0.0,0.667,0.5,0.444,0.0,0.0,0.0,1.0,4.0,0.0,0.0,1.0
0.743,0.701,0.0,0.556,0.333,0.222,0.889,0.25,0.556,0.0,1.0,1.0,0.0,1.0,1.0,0.0,0.0
0.101,0.844,0.0,0.222,0.333,0.333,0.778,1.0,0.444,1.0,0.0,0.0,1.0,8.0,0.0,0.0,1.0
0.908,0.928,0.444,0.333,0.778,0.0,0.556,0.25,0.444,0.0,1.0,1.0,0.0,6.0,0.0,0.0,0.0
1.0,0.008,0.667,0.111,1.0,0.889,0.111,0.0,0.222,0.0,1.0,0.0,1.0,6.0,1.0,1.0,1.0
0.46,0.972,0.889,0.444,0.0,0.111,0.778,0.25,0.889,0.0,1.0,0.0,1.0,8.0,1.0,1.0,0.0
0.445,0.972,0.222,0.889,0.444,0.889,0.0,1.0,0.333,0.0,1.0,1.0,0.0,3.0,0.0,1.0,1.0
0.733,0.072,0.111,0.667,0.667,0.778,0.0,0.25,0.667,0.0,0.0,0.0,1.0,0.0,1.0,0.0,1.0
0.169,0.417,0.778,0.556,0.556,0.889,0.222,0.25,0.889,0.0,0.0,1.0,0.0,9.0,1.0,1.0,1.0
0.627,0.665,0.333,0.889,1.0,0.333,1.0,1.0,0.889,1.0,0.0,0.0,0.0,0.0,0.0,0.0,0.0
0.568,0.07,1.0,0.667,0.444,0.333,0.111,0.75,1.0,0.0,1.0,0.0,1.0,6.0,0.0,0.0,0.0
0.094,0.085,0.0,0.333,0.333,0.222,1.0,1.0,0.444,0.0,0.0,1.0,0.0,3.0,0.0,0.0,1.0
0.484,0.208,0.778,0.667,0.778,0.111,0.222,1.0,0.222,0.0,1.0,0.0,1.0,8.0,1.0,0.0,0.0
0.671,0.249,0.222,0.444,0.444,0.889,0.333,1.0,0.222,0.0,1.0,1.0,0.0,5.0,0.0,1.0,1.0
0.882,0.134,0.333,0.556,0.778,0.556,0.333,1.0,0.556,1.0,0.0,0.0,0.0,7.0,1.0,0.0,0.0
0.02,0.78,1.0,0.333,0.222,0.111,0.556,0.25,0.0,0.0,1.0,0.0,1.0,8.0,1.0,0.0,0.0
0.934,0.823,0.0,1.0,1.0,0.778,0.778,1.0,1.0,0.0,0.0,1.0,0.0,5.0,0.0,0.0,0.0
0.85,0.136,0.778,0.444,0.556,0.333,0.778,0.0,0.889,1.0,0.0,0.0,1.0,8.0,0.0,0.0,0.0
0.666,0.008,0.889,1.0,0.333,1.0,0.778,0.25,0.222,0.0,0.0,1.0,0.0,4.0,0.0,0.0,0.0
0.605,0.931,0.667,0.222,0.667,0.0,0.0,1.0,0.222,0.0,1.0,1.0,0.0,9.0,1.0,0.0,1.0
0.375,0.098,0.222,0.333,1.0,1.0,0.0,1.0,1.0,0.0,1.0,0.0,0.0,2.0,1.0,1.0,0.0
0.024,0.762,0.556,0.333,1.0,0.333,0.333,0.75,0.111,0.0,1.0,0.0,0.0,0.0,1.0,1.0,1.0
0.537,0.051,0.0,0.667,0.111,0.333,0.0,0.5,1.0,0.0,0.0,0.0,0.0,5.0,0.0,1.0,0.0
0.09,0.45,1.0,0.0,0.111,0.444,0.222,0.5,0.444,0.0,1.0,1.0,0.0,4.0,1.0,1.0,0.0
0.404,0.788,0.667,1.0,0.556,0.556,0.444,0.0,0.667,0.0,0.0,0.0,0.0,5.0,1.0,0.0,0.0
0.107,0.268,0.444,0.222,0.889,0.778,0.667,0.0,0.444,1.0,0.0,0.0,0.0,9.0,1.0,0.0,0.0
0.701,0.915,0.444,0.667,0.0,0.667,0.333,0.75,0.667,0.0,0.0,0.0,1.0,3.0,0.0,0.0,0.0
0.974,0.518,0.444,1.0,0.333,0.0,0.556,0.75,0.667,0.0,0.0,0.0,1.0,5.0,0.0,0.0,0.0
0.965,0.905,1.0,0.889,0.111,0.333,0.667,0.0,1.0,0.0,0.0,0.0,0.0,9.0,0.0,1.0,1.0
0.23,0.182,0.556,0.889,0.0,0.444,0.556,0.75,0.333,0.0,1.0,0.0,1.0,4.0,0.0,0.0,0.0
0.714,0.175,0.333,0.778,0.444,1.0,0.0,0.25,1.0,0.0,0.0,0.0,1.0,4.0,0.0,1.0,0.0
0.343,0.921,0.889,0.889,1.0,0.333,0.333,0.0,0.444,0.0,1.0,0.0,1.0,4.0,1.0,0.0,1.0
0.083,0.127,0.222,0.778,1.0,0.556,1.0,0.0,0.111,0.0,0.0,0.0,1.0,4.0,0.0,1.0,0.0
0.113,0.837,0.0,0.556,0.0,0.0,0.0,0.25,0.667,0.0,0.0,1.0,0.0,7.0,0.0,0.0,0.0
0.423,0.108,0.444,1.0,0.444,0.444,0.444,0.25,0.778,0.0,1.0,0.0,1.0,6.0,1.0,1.0,0.0
0.982,0.739,0.444,0.778,1.0,0.333,0.0,0.75,0.222,1.0,0.0,0.0,1.0,1.0,1.0,0.0,0.0
0.436,0.806,0.111,1.0,0.667,0.111,0.0,1.0,0.556,0.0,1.0,1.0,0.0,3.0,0.0,0.0,0.0
0.587,0.336,0.333,0.889,0.667,0.667,0.111,0.75,0.444,0.0,0.0,0.0,0.0,4.0,0.0,1.0,0.0
0.567,0.316,0.111,0.667,0.667,0.667,0.556,0.75,0.111,0.0,0.0,0.0,1.0,9.0,0.0,0.0,1.0
0.963,0.829,0.333,0.889,0.444,0.333,0.667,1.0,0.667,0.0,0.0,0.0,0.0,7.0,0.0,1.0,0.0
0.004,0.104,0.111,1.0,1.0,0.222,0.0,0.0,0.222,0.0,1.0,0.0,1.0,3.0,1.0,0.0,0.0
0.102,0.887,0.889,1.0,0.556,0.556,0.556,0.0,0.556,1.0,0.0,1.0,0.0,7.0,1.0,1.0,0.0
0.467,0.884,0.0,1.0,0.333,0.778,0.556,0.0,1.0,1.0,0.0,1.0,0.0,3.0,1.0,1.0,0.0
0.334,0.621,0.111,0.556,0.0,0.778,0.444,0.75,0.222,0.0,0.0,0.0,0.0,1.0,1.0,0.0,1.0
0.918,0.833,0.778,0.111,0.889,1.0,0.889,0.0,0.889,0.0,1.0,1.0,0.0,5.0,1.0,1.0,1.0
0.108,0.542,0.0,0.667,0.556,0.444,0.889,0.0,0.667,0.0,0.0,0.0,1.0,3.0,1.0,1.0,1.0
0.166,0.814,0.556,1.0,0.778,0.0,0.111,0.5,0.111,0.0,1.0,0.0,1.0,0.0,1.0,0.0,1.0
0.661,0.822,0.333,0.444,0.222,0.0,0.0,0.5,0.667,0.0,0.0,1.0,0.0,5.0,0.0,0.0,1.0
0.082,0.185,0.778,0.778,0.444,0.444,0.333,0.5,0.0,1.0,0.0,0.0,1.0,0.0,1.0,1.0,0.0
0.417,0.721,1.0,0.889,0.333,0.222,0.778,0.0,0.889,0.0,0.0,0.0,0.0,3.0,0.0,0.0,0.0
0.791,0.785,0.889,0.889,0.444,0.111,0.222,0.0,0.222,0.0,0.0,1.0,0.0,0.0,0.0,0.0,0.0
0.074,0.467,0.333,0.778,0.667,0.667,0.333,1.0,0.222,1.0,0.0,0.0,1.0,7.0,0.0,0.0,0.0
0.412,0.34,1.0,0.111,0.0,0.667,0.778,0.5,1.0,0.0,1.0,0.0,1.0,4.0,0.0,1.0,0.0
0.253,0.132,0.667,0.444,0.333,0.111,0.222,0.5,0.444,1.0,0.0,0.0,0.0,4.0,1.0,0.0,1.0
0.916,0.674,0.222,0.667,0.778,0.111,0.889,1.0,1.0,0.0,0.0,0.0,1.0,2.0,1.0,0.0,0.0
0.848,0.309,0.222,0.222,0.667,0.333,1.0,0.5,0.667,0.0,0.0,1.0,0.0,4.0,1.0,0.0,0.0
0.105,0.735,0.889,0.222,0.889,0.444,0.778,0.25,0.889,0.0,0.0,1.0,0.0,4.0,1.0,1.0,0.0
0.437,0.28,0.889,0.667,0.333,0.0,0.333,0.0,0.556,0.0,0.0,0.0,1.0,9.0,1.0,1.0,1.0
0.282,0.305,0.889,0.667,0.778,1.0,0.889,1.0,0.778,1.0,0.0,0.0,0.0,1.0,1.0,0.0,0.0
0.209,0.015,0.556,0.667,0.778,0.333,1.0,0.75,1.0,0.0,1.0,0.0,1.0,6.0,1.0,0.0,0.0
0.331,0.088,0.778,0.667,0.778,0.444,0.444,0.0,0.0,1.0,0.0,0.0,1.0,7.0,0.0,0.0,0.0
0.81,0.401,0.778,0.222,0.556,0.333,0.667,0.0,0.556,1.0,0.0,0.0,1.0,9.0,0.0,1.0,0.0
0.818,0.324,1.0,0.667,1.0,1.0,1.0,0.5,0.778,0.0,1.0,1.0,0.0,7.0,0.0,0.0,1.0
0.405,0.257,0.0,0.778,0.667,0.667,0.333,0.75,0.0,0.0,1.0,0.0,0.0,3.0,1.0,0.0,0.0
0.715,0.439,0.889,0.0,0.889,0.778,0.111,0.0,0.667,0.0,0.0,0.0,0.0,2.0,1.0,0.0,1.0
0.422,0.014,1.0,0.222,0.444,0.778,0.444,0.25,0.444,0.0,0.0,1.0,0.0,1.0,1.0,0.0,1.0
0.333,0.639,0.778,0.333,1.0,0.778,0.556,0.5,0.889,0.0,1.0,1.0,0.0,1.0,0.0,1.0,0.0
0.867,0.625,0.778,0.0,0.667,0.778,0.222,0.25,0.0,0.0,0.0,1.0,0.0,8.0,1.0,1.0,1.0
0.91,0.42,0.556,0.333,0.889,0.333,0.778,1.0,0.667,0.0,0.0,1.0,0.0,0.0,0.0,1.0,1.0
0.118,0.96,0.333,0.889,0.111,0.667,0.444,0.0,0.667,0.0,0.0,0.0,1.0,5.0,1.0,0.0,0.0
0.341,0.525,0.556,0.444,0.0,0.333,0.444,0.5,0.333,1.0,0.0,1.0,0.0,5.0,0.0,0.0,1.0
0.886,0.555,0.222,0.889,0.556,0.222,0.778,0.75,0.778,1.0,0.0,1.0,0.0,3.0,0.0,1.0,0.0
0.252,0.028,0.778,0.444,0.111,0.778,0.889,0.0,0.0,0.0,1.0,0.0,0.0,3.0,1.0,0.0,0.0
